protein_name,mutations,evol_indices
mDHFR,wt,-0.0
mDHFR,V2A,0.09112549
mDHFR,V2C,0.26123047
mDHFR,V2D,0.3236084
mDHFR,V2E,-11.718536
mDHFR,V2F,0.34594727
mDHFR,V2G,0.5392761
mDHFR,V2H,0.37374878
mDHFR,V2I,-0.025146484
mDHFR,V2K,0.5689087
mDHFR,V2L,0.15908813
mDHFR,V2M,0.22253418
mDHFR,V2N,0.16192627
mDHFR,V2P,0.4078369
mDHFR,V2Q,0.31396484
mDHFR,V2R,0.3942871
mDHFR,V2S,0.3717041
mDHFR,V2T,0.11672974
mDHFR,V2W,0.033599854
mDHFR,V2Y,-0.2658081
mDHFR,R3A,0.35183716
mDHFR,R3C,-11.544037
mDHFR,R3D,0.18579102
mDHFR,R3E,0.1949768
mDHFR,R3F,0.47021484
mDHFR,R3G,-0.1765747
mDHFR,R3H,-0.0095825195
mDHFR,R3I,0.3638916
mDHFR,R3K,0.060150146
mDHFR,R3L,0.11672974
mDHFR,R3M,0.10784912
mDHFR,R3N,-0.06295776
mDHFR,R3P,0.2947693
mDHFR,R3Q,-0.008422852
mDHFR,R3S,0.10992432
mDHFR,R3T,-0.04034424
mDHFR,R3V,0.36975098
mDHFR,R3W,0.3428955
mDHFR,R3Y,0.100860596
mDHFR,P4A,8.307648
mDHFR,P4C,8.604553
mDHFR,P4D,8.448853
mDHFR,P4E,5.937622
mDHFR,P4F,8.500336
mDHFR,P4G,8.416687
mDHFR,P4H,8.170929
mDHFR,P4I,8.253235
mDHFR,P4K,1.1834412
mDHFR,P4L,8.310852
mDHFR,P4M,8.340576
mDHFR,P4N,6.3694153
mDHFR,P4Q,5.7415466
mDHFR,P4R,7.7825623
mDHFR,P4S,3.6921387
mDHFR,P4T,8.1474
mDHFR,P4V,8.07196
mDHFR,P4W,8.020966
mDHFR,P4Y,8.498779
mDHFR,L5A,9.334686
mDHFR,L5C,9.593414
mDHFR,L5D,9.533264
mDHFR,L5E,9.658203
mDHFR,L5F,4.0408325
mDHFR,L5G,9.338593
mDHFR,L5H,9.348999
mDHFR,L5I,2.7399902
mDHFR,L5K,9.000702
mDHFR,L5M,5.5078735
mDHFR,L5N,9.374817
mDHFR,L5P,9.153595
mDHFR,L5Q,9.602936
mDHFR,L5R,9.717682
mDHFR,L5S,9.52713
mDHFR,L5T,9.514191
mDHFR,L5V,4.628601
mDHFR,L5W,9.350861
mDHFR,L5Y,9.717651
mDHFR,N6A,4.5021667
mDHFR,N6C,5.71167
mDHFR,N6D,6.1349792
mDHFR,N6E,6.661072
mDHFR,N6F,7.319519
mDHFR,N6G,5.9727783
mDHFR,N6H,5.918274
mDHFR,N6I,5.330902
mDHFR,N6K,4.3029175
mDHFR,N6L,7.733246
mDHFR,N6M,8.206421
mDHFR,N6P,10.078278
mDHFR,N6Q,6.2205505
mDHFR,N6R,6.022339
mDHFR,N6S,2.8329773
mDHFR,N6T,4.7986145
mDHFR,N6V,6.262085
mDHFR,N6W,9.367004
mDHFR,N6Y,4.5151978
mDHFR,C7A,1.99823
mDHFR,C7D,8.457123
mDHFR,C7E,7.4303284
mDHFR,C7F,4.962372
mDHFR,C7G,3.4150085
mDHFR,C7H,5.843933
mDHFR,C7I,2.9511108
mDHFR,C7K,8.381775
mDHFR,C7L,2.0674438
mDHFR,C7M,4.3302917
mDHFR,C7N,8.0147705
mDHFR,C7P,8.1432495
mDHFR,C7Q,6.5926514
mDHFR,C7R,8.965027
mDHFR,C7S,0.9717102
mDHFR,C7T,5.7776794
mDHFR,C7V,2.6184998
mDHFR,C7W,8.218079
mDHFR,C7Y,6.0734863
mDHFR,I8A,7.189575
mDHFR,I8C,8.048279
mDHFR,I8D,9.337952
mDHFR,I8E,9.8828125
mDHFR,I8F,6.890991
mDHFR,I8G,8.542114
mDHFR,I8H,8.170593
mDHFR,I8K,8.67395
mDHFR,I8L,5.63443
mDHFR,I8M,6.49234
mDHFR,I8N,8.288696
mDHFR,I8P,11.391205
mDHFR,I8Q,7.5654297
mDHFR,I8R,10.181915
mDHFR,I8S,7.740509
mDHFR,I8T,9.210327
mDHFR,I8V,2.8554382
mDHFR,I8W,9.296112
mDHFR,I8Y,7.07782
mDHFR,V9A,2.8755188
mDHFR,V9C,7.8826904
mDHFR,V9D,10.064697
mDHFR,V9E,9.79071
mDHFR,V9F,7.836273
mDHFR,V9G,7.187805
mDHFR,V9H,10.303192
mDHFR,V9I,5.850189
mDHFR,V9K,10.517212
mDHFR,V9L,5.1127014
mDHFR,V9M,6.7805786
mDHFR,V9N,9.332855
mDHFR,V9P,10.660522
mDHFR,V9Q,10.635925
mDHFR,V9R,10.008606
mDHFR,V9S,6.3142395
mDHFR,V9T,7.3430786
mDHFR,V9W,5.693115
mDHFR,V9Y,7.0703735
mDHFR,A10C,7.802002
mDHFR,A10D,12.304199
mDHFR,A10E,11.94635
mDHFR,A10F,11.068054
mDHFR,A10G,9.02832
mDHFR,A10H,10.086914
mDHFR,A10I,8.488953
mDHFR,A10K,12.158752
mDHFR,A10L,9.784424
mDHFR,A10M,10.348175
mDHFR,A10N,9.6006775
mDHFR,A10P,12.734467
mDHFR,A10Q,8.415253
mDHFR,A10R,11.414001
mDHFR,A10S,8.234802
mDHFR,A10T,9.303619
mDHFR,A10V,8.177826
mDHFR,A10W,11.656677
mDHFR,A10Y,11.735107
mDHFR,V11A,3.9913635
mDHFR,V11C,5.5851135
mDHFR,V11D,11.070099
mDHFR,V11E,7.4315186
mDHFR,V11F,8.1128235
mDHFR,V11G,11.177765
mDHFR,V11H,7.524475
mDHFR,V11I,6.0061035
mDHFR,V11K,8.490692
mDHFR,V11L,6.929779
mDHFR,V11M,4.64093
mDHFR,V11N,10.780518
mDHFR,V11P,10.267303
mDHFR,V11Q,6.861969
mDHFR,V11R,7.9563293
mDHFR,V11S,7.51062
mDHFR,V11T,5.9782104
mDHFR,V11W,11.093384
mDHFR,V11Y,7.667053
mDHFR,S12A,3.0830383
mDHFR,S12C,-0.60461426
mDHFR,S12D,2.4888
mDHFR,S12E,4.7194214
mDHFR,S12F,10.873596
mDHFR,S12G,4.808136
mDHFR,S12H,6.638855
mDHFR,S12I,7.0933533
mDHFR,S12K,6.541046
mDHFR,S12L,5.079071
mDHFR,S12M,6.6116333
mDHFR,S12N,5.1473083
mDHFR,S12P,6.710541
mDHFR,S12Q,5.7539062
mDHFR,S12R,7.8775635
mDHFR,S12T,2.8504639
mDHFR,S12V,7.296112
mDHFR,S12W,8.010925
mDHFR,S12Y,7.5085754
mDHFR,Q13A,2.8327637
mDHFR,Q13C,5.425659
mDHFR,Q13D,2.8598633
mDHFR,Q13E,0.35290527
mDHFR,Q13F,6.574402
mDHFR,Q13G,4.5354004
mDHFR,Q13H,5.176941
mDHFR,Q13I,4.113037
mDHFR,Q13K,1.9577637
mDHFR,Q13L,3.3645325
mDHFR,Q13M,5.2084656
mDHFR,Q13N,1.2825012
mDHFR,Q13P,-0.8392639
mDHFR,Q13R,2.319641
mDHFR,Q13S,2.0018005
mDHFR,Q13T,3.091095
mDHFR,Q13V,3.3356018
mDHFR,Q13W,7.2418823
mDHFR,Q13Y,5.9544067
mDHFR,N14A,6.133026
mDHFR,N14C,7.0806885
mDHFR,N14D,2.0092468
mDHFR,N14E,5.5510254
mDHFR,N14F,8.591156
mDHFR,N14G,3.1150208
mDHFR,N14H,6.508972
mDHFR,N14I,8.439423
mDHFR,N14K,4.727539
mDHFR,N14L,7.1311035
mDHFR,N14M,7.907379
mDHFR,N14P,8.62973
mDHFR,N14Q,4.2289734
mDHFR,N14R,5.9859924
mDHFR,N14S,4.500519
mDHFR,N14T,5.5865784
mDHFR,N14V,8.013916
mDHFR,N14W,9.441559
mDHFR,N14Y,7.6305237
mDHFR,M15A,7.6030273
mDHFR,M15C,7.844696
mDHFR,M15D,6.3756104
mDHFR,M15E,8.182495
mDHFR,M15F,5.215332
mDHFR,M15G,3.1878967
mDHFR,M15H,5.869629
mDHFR,M15I,9.90625
mDHFR,M15K,6.117584
mDHFR,M15L,2.6912537
mDHFR,M15N,4.7788086
mDHFR,M15P,8.061249
mDHFR,M15Q,4.4007263
mDHFR,M15R,3.4803772
mDHFR,M15S,6.245758
mDHFR,M15T,9.310638
mDHFR,M15V,9.16571
mDHFR,M15W,5.6215515
mDHFR,M15Y,5.9615784
mDHFR,G16A,7.2890015
mDHFR,G16C,9.154816
mDHFR,G16D,12.651062
mDHFR,G16E,8.705658
mDHFR,G16F,8.815552
mDHFR,G16H,10.460175
mDHFR,G16I,7.857025
mDHFR,G16K,9.764557
mDHFR,G16L,8.444275
mDHFR,G16M,10.353058
mDHFR,G16N,10.157532
mDHFR,G16P,12.60907
mDHFR,G16Q,10.653015
mDHFR,G16R,11.078827
mDHFR,G16S,10.069275
mDHFR,G16T,8.118408
mDHFR,G16V,6.050171
mDHFR,G16W,10.888519
mDHFR,G16Y,8.502655
mDHFR,I17A,9.487183
mDHFR,I17C,11.644379
mDHFR,I17D,11.914154
mDHFR,I17E,11.594452
mDHFR,I17F,8.014069
mDHFR,I17G,12.087463
mDHFR,I17H,11.501556
mDHFR,I17K,11.6033325
mDHFR,I17L,6.6467285
mDHFR,I17M,6.860901
mDHFR,I17N,10.6163025
mDHFR,I17P,11.559448
mDHFR,I17Q,12.197327
mDHFR,I17R,12.126129
mDHFR,I17S,10.889404
mDHFR,I17T,9.676086
mDHFR,I17V,6.767151
mDHFR,I17W,11.700317
mDHFR,I17Y,9.829163
mDHFR,G18A,7.1044006
mDHFR,G18C,11.538818
mDHFR,G18D,10.3394165
mDHFR,G18E,10.235901
mDHFR,G18F,12.210022
mDHFR,G18H,11.934357
mDHFR,G18I,12.276825
mDHFR,G18K,11.881897
mDHFR,G18L,11.959808
mDHFR,G18M,12.213837
mDHFR,G18N,10.494019
mDHFR,G18P,12.165924
mDHFR,G18Q,11.510773
mDHFR,G18R,13.191559
mDHFR,G18S,7.532654
mDHFR,G18T,9.586792
mDHFR,G18V,11.058441
mDHFR,G18W,11.784912
mDHFR,G18Y,12.398224
mDHFR,K19A,5.371887
mDHFR,K19C,6.5924683
mDHFR,K19D,6.0130615
mDHFR,K19E,7.312256
mDHFR,K19F,6.065399
mDHFR,K19G,7.7032776
mDHFR,K19H,5.753479
mDHFR,K19I,4.133301
mDHFR,K19L,4.939575
mDHFR,K19M,6.8205566
mDHFR,K19N,3.4147644
mDHFR,K19P,7.2662354
mDHFR,K19Q,5.6013184
mDHFR,K19R,4.092865
mDHFR,K19S,7.3536377
mDHFR,K19T,7.0266113
mDHFR,K19V,4.1116333
mDHFR,K19W,8.702667
mDHFR,K19Y,4.5544434
mDHFR,N20A,2.7832947
mDHFR,N20C,5.356018
mDHFR,N20D,0.07171631
mDHFR,N20E,2.6042786
mDHFR,N20F,8.95813
mDHFR,N20G,2.796875
mDHFR,N20H,5.5844727
mDHFR,N20I,8.793274
mDHFR,N20K,1.170044
mDHFR,N20L,5.999878
mDHFR,N20M,7.2838135
mDHFR,N20P,6.103302
mDHFR,N20Q,3.9916687
mDHFR,N20R,4.235565
mDHFR,N20S,3.6663513
mDHFR,N20T,5.134552
mDHFR,N20V,6.4658813
mDHFR,N20W,8.619476
mDHFR,N20Y,6.871643
mDHFR,G21A,8.050903
mDHFR,G21C,8.652191
mDHFR,G21D,7.284729
mDHFR,G21E,7.614929
mDHFR,G21F,10.037689
mDHFR,G21H,8.757202
mDHFR,G21I,10.715881
mDHFR,G21K,7.560852
mDHFR,G21L,9.113312
mDHFR,G21M,8.819916
mDHFR,G21N,5.562256
mDHFR,G21P,8.818726
mDHFR,G21Q,6.7352295
mDHFR,G21R,7.412079
mDHFR,G21S,7.0188293
mDHFR,G21T,8.4552
mDHFR,G21V,9.871704
mDHFR,G21W,10.198029
mDHFR,G21Y,9.443909
mDHFR,D22A,2.9598389
mDHFR,D22C,5.0075684
mDHFR,D22E,3.961975
mDHFR,D22F,6.6436462
mDHFR,D22G,1.6463623
mDHFR,D22H,4.293915
mDHFR,D22I,4.5148926
mDHFR,D22K,1.010376
mDHFR,D22L,5.402954
mDHFR,D22M,4.9527283
mDHFR,D22N,0.4967041
mDHFR,D22P,6.807953
mDHFR,D22Q,2.4405518
mDHFR,D22R,2.08844
mDHFR,D22S,1.707489
mDHFR,D22T,1.2402039
mDHFR,D22V,4.7771606
mDHFR,D22W,5.851532
mDHFR,D22Y,6.4714355
mDHFR,L23A,9.596344
mDHFR,L23C,10.946869
mDHFR,L23D,9.660828
mDHFR,L23E,9.54657
mDHFR,L23F,6.912018
mDHFR,L23G,9.533752
mDHFR,L23H,9.615265
mDHFR,L23I,5.3786926
mDHFR,L23K,10.43045
mDHFR,L23M,4.5223694
mDHFR,L23N,9.555969
mDHFR,L23P,9.389923
mDHFR,L23Q,7.5222473
mDHFR,L23R,9.221771
mDHFR,L23S,8.638428
mDHFR,L23T,8.206238
mDHFR,L23V,6.9361877
mDHFR,L23W,8.68634
mDHFR,L23Y,9.23526
mDHFR,P24A,8.388275
mDHFR,P24C,11.810638
mDHFR,P24D,8.53894
mDHFR,P24E,8.912598
mDHFR,P24F,11.180145
mDHFR,P24G,10.213318
mDHFR,P24H,10.904297
mDHFR,P24I,7.8570557
mDHFR,P24K,10.222778
mDHFR,P24L,7.653839
mDHFR,P24M,9.7048645
mDHFR,P24N,10.149475
mDHFR,P24Q,10.309479
mDHFR,P24R,10.186707
mDHFR,P24S,9.006805
mDHFR,P24T,10.096558
mDHFR,P24V,9.534882
mDHFR,P24W,11.9653015
mDHFR,P24Y,11.729462
mDHFR,W25A,9.374451
mDHFR,W25C,8.745087
mDHFR,W25D,10.782471
mDHFR,W25E,10.789856
mDHFR,W25F,6.9297485
mDHFR,W25G,10.352783
mDHFR,W25H,11.135864
mDHFR,W25I,9.616333
mDHFR,W25K,11.255157
mDHFR,W25L,10.386353
mDHFR,W25M,10.788788
mDHFR,W25N,11.417053
mDHFR,W25P,11.733276
mDHFR,W25Q,10.565765
mDHFR,W25R,10.106812
mDHFR,W25S,10.414429
mDHFR,W25T,10.222412
mDHFR,W25V,9.074036
mDHFR,W25Y,8.9664
mDHFR,P26A,6.2602844
mDHFR,P26C,6.5489197
mDHFR,P26D,5.1841736
mDHFR,P26E,6.638275
mDHFR,P26F,7.4175415
mDHFR,P26G,6.063568
mDHFR,P26H,2.5481262
mDHFR,P26I,6.9751587
mDHFR,P26K,4.5130615
mDHFR,P26L,5.814789
mDHFR,P26M,6.1421814
mDHFR,P26N,4.239319
mDHFR,P26Q,4.656128
mDHFR,P26R,4.3761597
mDHFR,P26S,4.961426
mDHFR,P26T,5.3406677
mDHFR,P26V,7.424713
mDHFR,P26W,8.007324
mDHFR,P26Y,4.9701233
mDHFR,P27A,3.756958
mDHFR,P27C,5.9809265
mDHFR,P27D,4.1204224
mDHFR,P27E,4.5822144
mDHFR,P27F,4.19458
mDHFR,P27G,3.3170776
mDHFR,P27H,3.7949219
mDHFR,P27I,4.2313538
mDHFR,P27K,3.7944336
mDHFR,P27L,2.5603333
mDHFR,P27M,4.3112793
mDHFR,P27N,3.282135
mDHFR,P27Q,4.086853
mDHFR,P27R,0.6159363
mDHFR,P27S,2.9067993
mDHFR,P27T,3.4761963
mDHFR,P27V,4.9690857
mDHFR,P27W,6.3468933
mDHFR,P27Y,3.3093262
mDHFR,L28A,7.508026
mDHFR,L28C,7.913513
mDHFR,L28D,9.48468
mDHFR,L28E,8.829315
mDHFR,L28F,6.987152
mDHFR,L28G,8.77948
mDHFR,L28H,8.856476
mDHFR,L28I,4.3551025
mDHFR,L28K,10.28067
mDHFR,L28M,8.373779
mDHFR,L28N,7.5048523
mDHFR,L28P,8.884705
mDHFR,L28Q,8.532196
mDHFR,L28R,9.804016
mDHFR,L28S,8.066589
mDHFR,L28T,7.8046265
mDHFR,L28V,5.413727
mDHFR,L28W,8.065277
mDHFR,L28Y,7.497162
mDHFR,R29A,4.956604
mDHFR,R29C,8.586975
mDHFR,R29D,4.883209
mDHFR,R29E,6.197296
mDHFR,R29F,7.6395874
mDHFR,R29G,4.969391
mDHFR,R29H,7.2930603
mDHFR,R29I,7.4169006
mDHFR,R29K,1.99823
mDHFR,R29L,7.2884827
mDHFR,R29M,7.668396
mDHFR,R29N,3.8181763
mDHFR,R29P,3.5151367
mDHFR,R29Q,5.742279
mDHFR,R29S,2.5098877
mDHFR,R29T,6.0829773
mDHFR,R29V,6.9005737
mDHFR,R29W,9.491272
mDHFR,R29Y,7.4986267
mDHFR,N30A,5.855255
mDHFR,N30C,9.185974
mDHFR,N30D,5.8981323
mDHFR,N30E,5.045227
mDHFR,N30F,8.902771
mDHFR,N30G,4.333252
mDHFR,N30H,8.36087
mDHFR,N30I,8.022797
mDHFR,N30K,2.9963074
mDHFR,N30L,7.0839233
mDHFR,N30M,8.345825
mDHFR,N30P,7.1888733
mDHFR,N30Q,4.777588
mDHFR,N30R,6.2421265
mDHFR,N30S,4.8237305
mDHFR,N30T,5.1720886
mDHFR,N30V,7.670807
mDHFR,N30W,8.431244
mDHFR,N30Y,8.871033
mDHFR,E31A,8.861908
mDHFR,E31C,11.88797
mDHFR,E31D,2.6959229
mDHFR,E31F,11.143585
mDHFR,E31G,9.367676
mDHFR,E31H,9.971588
mDHFR,E31I,9.678009
mDHFR,E31K,9.614105
mDHFR,E31L,9.479462
mDHFR,E31M,10.908417
mDHFR,E31N,9.747467
mDHFR,E31P,9.40686
mDHFR,E31Q,8.782776
mDHFR,E31R,10.054382
mDHFR,E31S,8.793243
mDHFR,E31T,9.587677
mDHFR,E31V,9.116058
mDHFR,E31W,9.091461
mDHFR,E31Y,10.071045
mDHFR,F32A,7.1026917
mDHFR,F32C,9.435028
mDHFR,F32D,7.5104065
mDHFR,F32E,6.859894
mDHFR,F32G,7.301422
mDHFR,F32H,7.382538
mDHFR,F32I,5.6731873
mDHFR,F32K,7.0944214
mDHFR,F32L,2.1874084
mDHFR,F32M,1.9801941
mDHFR,F32N,8.351654
mDHFR,F32P,7.9692383
mDHFR,F32Q,6.6036987
mDHFR,F32R,6.7681274
mDHFR,F32S,6.687378
mDHFR,F32T,6.2695007
mDHFR,F32V,6.45932
mDHFR,F32W,5.7479553
mDHFR,F32Y,3.2749023
mDHFR,K33A,2.2554626
mDHFR,K33C,8.7013855
mDHFR,K33D,5.3023987
mDHFR,K33E,4.297333
mDHFR,K33F,8.560974
mDHFR,K33G,5.2831726
mDHFR,K33H,6.946411
mDHFR,K33I,6.9536743
mDHFR,K33L,5.7677307
mDHFR,K33M,5.7960815
mDHFR,K33N,4.8311768
mDHFR,K33P,7.081665
mDHFR,K33Q,4.35968
mDHFR,K33R,2.7686462
mDHFR,K33S,5.002777
mDHFR,K33T,6.068878
mDHFR,K33V,7.213684
mDHFR,K33W,9.394745
mDHFR,K33Y,6.0593567
mDHFR,Y34A,6.99115
mDHFR,Y34C,9.204559
mDHFR,Y34D,7.261505
mDHFR,Y34E,6.667206
mDHFR,Y34F,2.3598022
mDHFR,Y34G,6.3511353
mDHFR,Y34H,0.657074
mDHFR,Y34I,6.694458
mDHFR,Y34K,7.0443726
mDHFR,Y34L,5.70343
mDHFR,Y34M,6.9908752
mDHFR,Y34N,6.1449585
mDHFR,Y34P,8.482971
mDHFR,Y34Q,6.0250854
mDHFR,Y34R,4.4972534
mDHFR,Y34S,7.0113525
mDHFR,Y34T,7.433655
mDHFR,Y34V,6.9980774
mDHFR,Y34W,5.1187744
mDHFR,F35A,8.863098
mDHFR,F35C,10.654938
mDHFR,F35D,9.210846
mDHFR,F35E,9.781677
mDHFR,F35G,8.82312
mDHFR,F35H,9.130096
mDHFR,F35I,8.831512
mDHFR,F35K,10.518036
mDHFR,F35L,5.946167
mDHFR,F35M,7.5098267
mDHFR,F35N,9.468628
mDHFR,F35P,10.32016
mDHFR,F35Q,10.115326
mDHFR,F35R,10.034485
mDHFR,F35S,9.040527
mDHFR,F35T,8.852325
mDHFR,F35V,8.042328
mDHFR,F35W,8.700836
mDHFR,F35Y,5.396881
mDHFR,Q36A,4.5979004
mDHFR,Q36C,7.6402283
mDHFR,Q36D,7.0958557
mDHFR,Q36E,5.8391113
mDHFR,Q36F,7.649414
mDHFR,Q36G,6.657715
mDHFR,Q36H,5.2216797
mDHFR,Q36I,5.7240295
mDHFR,Q36K,3.334381
mDHFR,Q36L,4.7739563
mDHFR,Q36M,6.63797
mDHFR,Q36N,4.584839
mDHFR,Q36P,8.252289
mDHFR,Q36R,3.581787
mDHFR,Q36S,4.2251587
mDHFR,Q36T,4.632904
mDHFR,Q36V,6.1875
mDHFR,Q36W,8.412109
mDHFR,Q36Y,6.6851807
mDHFR,R37A,4.3880615
mDHFR,R37C,8.378876
mDHFR,R37D,4.1542053
mDHFR,R37E,4.493042
mDHFR,R37F,5.6030273
mDHFR,R37G,6.018097
mDHFR,R37H,4.564026
mDHFR,R37I,7.1698
mDHFR,R37K,1.0020752
mDHFR,R37L,5.668335
mDHFR,R37M,7.1699524
mDHFR,R37N,3.9080505
mDHFR,R37P,7.8678894
mDHFR,R37Q,5.0530396
mDHFR,R37S,4.4392395
mDHFR,R37T,3.7446594
mDHFR,R37V,6.7730103
mDHFR,R37W,7.278412
mDHFR,R37Y,6.4888
mDHFR,M38A,7.120453
mDHFR,M38C,7.7084656
mDHFR,M38D,8.387543
mDHFR,M38E,7.4303284
mDHFR,M38F,6.967407
mDHFR,M38G,8.022949
mDHFR,M38H,7.4196777
mDHFR,M38I,3.348053
mDHFR,M38K,5.778534
mDHFR,M38L,2.128479
mDHFR,M38N,6.975128
mDHFR,M38P,9.300201
mDHFR,M38Q,7.1000366
mDHFR,M38R,7.0818787
mDHFR,M38S,6.2617493
mDHFR,M38T,4.6221313
mDHFR,M38V,3.6973572
mDHFR,M38W,8.7907715
mDHFR,M38Y,8.152557
mDHFR,T39A,7.5499268
mDHFR,T39C,8.587769
mDHFR,T39D,8.6736145
mDHFR,T39E,7.5160217
mDHFR,T39F,7.8060913
mDHFR,T39G,8.858978
mDHFR,T39H,9.288391
mDHFR,T39I,5.3722534
mDHFR,T39K,9.248718
mDHFR,T39L,7.234253
mDHFR,T39M,8.197723
mDHFR,T39N,8.335205
mDHFR,T39P,9.283997
mDHFR,T39Q,8.867218
mDHFR,T39R,8.128967
mDHFR,T39S,5.1636047
mDHFR,T39V,6.7315063
mDHFR,T39W,9.167023
mDHFR,T39Y,8.337494
mDHFR,T40A,3.0508118
mDHFR,T40C,5.1002502
mDHFR,T40D,5.626526
mDHFR,T40E,4.2472534
mDHFR,T40F,6.120575
mDHFR,T40G,6.190918
mDHFR,T40H,5.817688
mDHFR,T40I,3.2496033
mDHFR,T40K,1.5846558
mDHFR,T40L,3.6724243
mDHFR,T40M,1.4810181
mDHFR,T40N,4.5217285
mDHFR,T40P,6.0802917
mDHFR,T40Q,2.388916
mDHFR,T40R,3.4700623
mDHFR,T40S,0.5319214
mDHFR,T40V,3.5633545
mDHFR,T40W,5.8625183
mDHFR,T40Y,5.452484
mDHFR,T41A,5.0873413
mDHFR,T41C,8.738251
mDHFR,T41D,4.848297
mDHFR,T41E,4.717102
mDHFR,T41F,7.4281006
mDHFR,T41G,4.4496765
mDHFR,T41H,6.1726685
mDHFR,T41I,7.944763
mDHFR,T41K,5.0679016
mDHFR,T41L,6.427002
mDHFR,T41M,6.859955
mDHFR,T41N,5.308777
mDHFR,T41P,7.322357
mDHFR,T41Q,5.6011047
mDHFR,T41R,4.6080017
mDHFR,T41S,4.4478455
mDHFR,T41V,6.4205933
mDHFR,T41W,9.340729
mDHFR,T41Y,6.249756
mDHFR,S42A,3.8143616
mDHFR,S42C,4.606537
mDHFR,S42D,3.7212524
mDHFR,S42E,4.3456116
mDHFR,S42F,7.1013184
mDHFR,S42G,5.453705
mDHFR,S42H,5.22995
mDHFR,S42I,4.460266
mDHFR,S42K,4.4737244
mDHFR,S42L,4.5446777
mDHFR,S42M,6.8498535
mDHFR,S42N,3.8382874
mDHFR,S42P,-0.20626831
mDHFR,S42Q,4.281555
mDHFR,S42R,3.8535156
mDHFR,S42T,1.5066528
mDHFR,S42V,1.5858765
mDHFR,S42W,7.1792603
mDHFR,S42Y,6.5324097
mDHFR,S43A,2.7479553
mDHFR,S43C,5.036133
mDHFR,S43D,4.5040283
mDHFR,S43E,3.5701294
mDHFR,S43F,5.7214966
mDHFR,S43G,5.590454
mDHFR,S43H,4.979187
mDHFR,S43I,5.4722595
mDHFR,S43K,2.294159
mDHFR,S43L,3.796875
mDHFR,S43M,6.966736
mDHFR,S43N,3.6913757
mDHFR,S43P,3.7303162
mDHFR,S43Q,3.8407288
mDHFR,S43R,3.7645874
mDHFR,S43T,0.88601685
mDHFR,S43V,4.610321
mDHFR,S43W,7.3896484
mDHFR,S43Y,5.7921753
mDHFR,V44A,2.9736633
mDHFR,V44C,6.5752563
mDHFR,V44D,2.5577087
mDHFR,V44E,2.9678955
mDHFR,V44F,4.0828247
mDHFR,V44G,4.142456
mDHFR,V44H,4.188629
mDHFR,V44I,5.372925
mDHFR,V44K,3.3545532
mDHFR,V44L,4.2955017
mDHFR,V44M,5.1505127
mDHFR,V44N,3.2516174
mDHFR,V44P,4.1013794
mDHFR,V44Q,2.4541016
mDHFR,V44R,3.9962463
mDHFR,V44S,2.3556213
mDHFR,V44T,2.4197693
mDHFR,V44W,6.501404
mDHFR,V44Y,5.034149
mDHFR,E45A,4.522583
mDHFR,E45C,8.240601
mDHFR,E45D,5.0030518
mDHFR,E45F,6.212036
mDHFR,E45G,5.7457886
mDHFR,E45H,7.0090027
mDHFR,E45I,5.8035583
mDHFR,E45K,3.2209473
mDHFR,E45L,5.537628
mDHFR,E45M,6.8686523
mDHFR,E45N,4.68515
mDHFR,E45P,3.4204102
mDHFR,E45Q,5.68692
mDHFR,E45R,5.5314636
mDHFR,E45S,4.4552
mDHFR,E45T,5.0464783
mDHFR,E45V,6.0986023
mDHFR,E45W,7.221039
mDHFR,E45Y,6.4622498
mDHFR,G46A,5.4720764
mDHFR,G46C,9.19516
mDHFR,G46D,3.5622253
mDHFR,G46E,5.1440735
mDHFR,G46F,8.987976
mDHFR,G46H,7.7490845
mDHFR,G46I,8.046875
mDHFR,G46K,5.6495056
mDHFR,G46L,6.980713
mDHFR,G46M,8.167328
mDHFR,G46N,4.9973755
mDHFR,G46P,6.66333
mDHFR,G46Q,6.6492004
mDHFR,G46R,6.395355
mDHFR,G46S,5.2272034
mDHFR,G46T,6.1752014
mDHFR,G46V,7.27536
mDHFR,G46W,8.864319
mDHFR,G46Y,9.232513
mDHFR,K47A,6.254944
mDHFR,K47C,7.518036
mDHFR,K47D,6.719513
mDHFR,K47E,5.9792786
mDHFR,K47F,8.399963
mDHFR,K47G,6.4257507
mDHFR,K47H,6.952179
mDHFR,K47I,7.2590027
mDHFR,K47L,5.683838
mDHFR,K47M,6.7575073
mDHFR,K47N,6.2020264
mDHFR,K47P,7.565033
mDHFR,K47Q,5.2888184
mDHFR,K47R,4.8479614
mDHFR,K47S,5.761688
mDHFR,K47T,5.776184
mDHFR,K47V,6.5592957
mDHFR,K47W,8.035522
mDHFR,K47Y,8.0121155
mDHFR,Q48A,7.648407
mDHFR,Q48C,7.632538
mDHFR,Q48D,8.163422
mDHFR,Q48E,5.9435425
mDHFR,Q48F,6.847687
mDHFR,Q48G,7.3881836
mDHFR,Q48H,7.3160095
mDHFR,Q48I,4.3229675
mDHFR,Q48K,2.5367737
mDHFR,Q48L,6.5781555
mDHFR,Q48M,6.2280273
mDHFR,Q48N,6.6268005
mDHFR,Q48P,7.397278
mDHFR,Q48R,5.0575256
mDHFR,Q48S,6.067627
mDHFR,Q48T,5.791809
mDHFR,Q48V,4.723358
mDHFR,Q48W,8.169617
mDHFR,Q48Y,7.3064575
mDHFR,N49A,9.836029
mDHFR,N49C,8.981049
mDHFR,N49D,7.9387207
mDHFR,N49E,9.370819
mDHFR,N49F,9.642731
mDHFR,N49G,8.88031
mDHFR,N49H,6.287628
mDHFR,N49I,11.984955
mDHFR,N49K,7.960205
mDHFR,N49L,10.580841
mDHFR,N49M,10.663879
mDHFR,N49P,10.997498
mDHFR,N49Q,8.977814
mDHFR,N49R,9.541473
mDHFR,N49S,8.746918
mDHFR,N49T,9.749573
mDHFR,N49V,9.717468
mDHFR,N49W,11.458862
mDHFR,N49Y,9.622742
mDHFR,L50A,-1.1273193
mDHFR,L50C,2.8668518
mDHFR,L50D,4.6653748
mDHFR,L50E,6.096344
mDHFR,L50F,4.6285706
mDHFR,L50G,3.2673035
mDHFR,L50H,5.1395264
mDHFR,L50I,2.4646301
mDHFR,L50K,4.3891296
mDHFR,L50M,1.7363281
mDHFR,L50N,4.211731
mDHFR,L50P,2.1305542
mDHFR,L50Q,5.4593506
mDHFR,L50R,4.7620544
mDHFR,L50S,2.7763672
mDHFR,L50T,1.970459
mDHFR,L50V,-2.1021423
mDHFR,L50W,5.725525
mDHFR,L50Y,4.2977295
mDHFR,V51A,6.813629
mDHFR,V51C,6.9674377
mDHFR,V51D,11.4552
mDHFR,V51E,9.438202
mDHFR,V51F,8.144592
mDHFR,V51G,9.89856
mDHFR,V51H,9.150848
mDHFR,V51I,4.56427
mDHFR,V51K,10.60083
mDHFR,V51L,2.7085876
mDHFR,V51M,5.5078735
mDHFR,V51N,7.9613953
mDHFR,V51P,10.213959
mDHFR,V51Q,9.688232
mDHFR,V51R,10.637146
mDHFR,V51S,7.820984
mDHFR,V51T,7.6992188
mDHFR,V51W,9.534943
mDHFR,V51Y,8.086029
mDHFR,I52A,8.453064
mDHFR,I52C,9.506622
mDHFR,I52D,10.856903
mDHFR,I52E,10.6302185
mDHFR,I52F,8.021393
mDHFR,I52G,11.218597
mDHFR,I52H,10.702362
mDHFR,I52K,15.1197815
mDHFR,I52L,4.3936157
mDHFR,I52M,8.647705
mDHFR,I52N,10.703369
mDHFR,I52P,10.586517
mDHFR,I52Q,10.420074
mDHFR,I52R,10.726624
mDHFR,I52S,11.00177
mDHFR,I52T,10.564117
mDHFR,I52V,3.9784546
mDHFR,I52W,10.969818
mDHFR,I52Y,10.6050415
mDHFR,M53A,8.869476
mDHFR,M53C,8.254974
mDHFR,M53D,10.025177
mDHFR,M53E,8.902771
mDHFR,M53F,6.2313843
mDHFR,M53G,9.472748
mDHFR,M53H,9.166229
mDHFR,M53I,6.3428955
mDHFR,M53K,9.03067
mDHFR,M53L,6.002838
mDHFR,M53N,10.068176
mDHFR,M53P,10.939667
mDHFR,M53Q,8.353851
mDHFR,M53R,10.283813
mDHFR,M53S,8.240112
mDHFR,M53T,8.118439
mDHFR,M53V,6.9768677
mDHFR,M53W,6.1434326
mDHFR,M53Y,8.060272
mDHFR,G54A,9.510651
mDHFR,G54C,10.775055
mDHFR,G54D,9.858826
mDHFR,G54E,11.6102295
mDHFR,G54F,11.707031
mDHFR,G54H,11.126709
mDHFR,G54I,11.429962
mDHFR,G54K,11.287048
mDHFR,G54L,11.876709
mDHFR,G54M,11.453827
mDHFR,G54N,10.931152
mDHFR,G54P,11.068298
mDHFR,G54Q,12.132721
mDHFR,G54R,10.762054
mDHFR,G54S,7.3446655
mDHFR,G54T,10.9122925
mDHFR,G54V,11.588409
mDHFR,G54W,11.545441
mDHFR,G54Y,10.640747
mDHFR,R55A,8.169281
mDHFR,R55C,11.959625
mDHFR,R55D,9.014954
mDHFR,R55E,8.378052
mDHFR,R55F,9.602753
mDHFR,R55G,8.3403015
mDHFR,R55H,6.565735
mDHFR,R55I,8.452728
mDHFR,R55K,3.3773193
mDHFR,R55L,8.613098
mDHFR,R55M,9.242798
mDHFR,R55N,8.229706
mDHFR,R55P,8.951813
mDHFR,R55Q,8.646057
mDHFR,R55S,7.065033
mDHFR,R55T,8.595978
mDHFR,R55V,9.335266
mDHFR,R55W,9.072479
mDHFR,R55Y,7.12735
mDHFR,K56A,6.9562683
mDHFR,K56C,8.337402
mDHFR,K56D,8.918701
mDHFR,K56E,8.265015
mDHFR,K56F,9.933929
mDHFR,K56G,6.7112427
mDHFR,K56H,6.373535
mDHFR,K56I,7.3151855
mDHFR,K56L,5.431427
mDHFR,K56M,8.276825
mDHFR,K56N,4.17453
mDHFR,K56P,8.016876
mDHFR,K56Q,6.6573486
mDHFR,K56R,2.4734497
mDHFR,K56S,6.6765137
mDHFR,K56T,5.9705505
mDHFR,K56V,6.1759644
mDHFR,K56W,10.187225
mDHFR,K56Y,9.142181
mDHFR,T57A,8.311432
mDHFR,T57C,5.3302307
mDHFR,T57D,10.772003
mDHFR,T57E,10.930847
mDHFR,T57F,9.666229
mDHFR,T57G,9.214264
mDHFR,T57H,9.599701
mDHFR,T57I,9.073975
mDHFR,T57K,9.618225
mDHFR,T57L,8.668243
mDHFR,T57M,7.8655396
mDHFR,T57N,7.414856
mDHFR,T57P,10.601654
mDHFR,T57Q,9.43573
mDHFR,T57R,9.882996
mDHFR,T57S,4.8459473
mDHFR,T57V,6.800415
mDHFR,T57W,10.4079895
mDHFR,T57Y,9.364288
mDHFR,W58A,8.388214
mDHFR,W58C,8.679504
mDHFR,W58D,11.463226
mDHFR,W58E,10.039795
mDHFR,W58F,5.8266296
mDHFR,W58G,10.766571
mDHFR,W58H,7.9856873
mDHFR,W58I,8.891205
mDHFR,W58K,11.467316
mDHFR,W58L,7.7454834
mDHFR,W58M,8.810059
mDHFR,W58N,11.569672
mDHFR,W58P,11.449921
mDHFR,W58Q,9.884125
mDHFR,W58R,9.805817
mDHFR,W58S,10.427551
mDHFR,W58T,10.266785
mDHFR,W58V,8.366882
mDHFR,W58Y,5.0195007
mDHFR,F59A,7.0020447
mDHFR,F59C,9.9729
mDHFR,F59D,4.864105
mDHFR,F59E,3.9930725
mDHFR,F59G,9.013641
mDHFR,F59H,8.217102
mDHFR,F59I,7.866699
mDHFR,F59K,7.7003174
mDHFR,F59L,5.325775
mDHFR,F59M,6.876404
mDHFR,F59N,5.661621
mDHFR,F59P,9.731171
mDHFR,F59Q,6.0513916
mDHFR,F59R,7.746155
mDHFR,F59S,8.1727295
mDHFR,F59T,7.628601
mDHFR,F59V,7.600403
mDHFR,F59W,10.277466
mDHFR,F59Y,7.239258
mDHFR,S60A,6.447174
mDHFR,S60C,7.298706
mDHFR,S60D,8.161407
mDHFR,S60E,7.319153
mDHFR,S60F,9.097076
mDHFR,S60G,6.210663
mDHFR,S60H,9.396454
mDHFR,S60I,8.858856
mDHFR,S60K,7.6855774
mDHFR,S60L,8.151367
mDHFR,S60M,8.516693
mDHFR,S60N,7.677704
mDHFR,S60P,7.694336
mDHFR,S60Q,8.507538
mDHFR,S60R,10.380981
mDHFR,S60T,6.806885
mDHFR,S60V,8.543213
mDHFR,S60W,9.285675
mDHFR,S60Y,9.80661
mDHFR,I61A,6.9502563
mDHFR,I61C,7.7497253
mDHFR,I61D,8.068878
mDHFR,I61E,8.835419
mDHFR,I61F,5.335785
mDHFR,I61G,7.526428
mDHFR,I61H,8.107941
mDHFR,I61K,8.676788
mDHFR,I61L,4.338501
mDHFR,I61M,6.785614
mDHFR,I61N,8.63562
mDHFR,I61P,9.516632
mDHFR,I61Q,9.220093
mDHFR,I61R,9.136353
mDHFR,I61S,7.7948
mDHFR,I61T,6.7143555
mDHFR,I61V,5.4415283
mDHFR,I61W,8.615875
mDHFR,I61Y,8.4696045
mDHFR,P62A,8.799805
mDHFR,P62C,9.912903
mDHFR,P62D,7.727539
mDHFR,P62E,9.216309
mDHFR,P62F,9.999451
mDHFR,P62G,7.622925
mDHFR,P62H,10.697662
mDHFR,P62I,9.089569
mDHFR,P62K,8.665436
mDHFR,P62L,7.8562317
mDHFR,P62M,9.034515
mDHFR,P62N,8.811615
mDHFR,P62Q,9.220367
mDHFR,P62R,9.136017
mDHFR,P62S,7.9913025
mDHFR,P62T,9.968536
mDHFR,P62V,8.562317
mDHFR,P62W,12.070251
mDHFR,P62Y,8.901001
mDHFR,E63A,4.2640076
mDHFR,E63C,9.255615
mDHFR,E63D,4.924164
mDHFR,E63F,8.985352
mDHFR,E63G,6.9371033
mDHFR,E63H,7.205902
mDHFR,E63I,7.091797
mDHFR,E63K,4.7227783
mDHFR,E63L,5.720764
mDHFR,E63M,8.204529
mDHFR,E63N,7.1299744
mDHFR,E63P,5.6016846
mDHFR,E63Q,5.832367
mDHFR,E63R,7.610565
mDHFR,E63S,5.5833435
mDHFR,E63T,5.736969
mDHFR,E63V,7.068878
mDHFR,E63W,9.0903015
mDHFR,E63Y,9.036926
mDHFR,K64A,4.515259
mDHFR,K64C,9.308929
mDHFR,K64D,6.4452515
mDHFR,K64E,6.509552
mDHFR,K64F,8.1716
mDHFR,K64G,6.1855774
mDHFR,K64H,6.7759705
mDHFR,K64I,8.2109375
mDHFR,K64L,7.9657593
mDHFR,K64M,7.2169495
mDHFR,K64N,4.8746033
mDHFR,K64P,7.951172
mDHFR,K64Q,4.7945557
mDHFR,K64R,3.1654663
mDHFR,K64S,4.6171265
mDHFR,K64T,5.338379
mDHFR,K64V,7.595764
mDHFR,K64W,8.341522
mDHFR,K64Y,7.484009
mDHFR,N65A,4.9687195
mDHFR,N65C,6.064636
mDHFR,N65D,6.2363586
mDHFR,N65E,5.112152
mDHFR,N65F,2.7201538
mDHFR,N65G,5.1148376
mDHFR,N65H,3.2240906
mDHFR,N65I,6.706787
mDHFR,N65K,4.7474365
mDHFR,N65L,5.254669
mDHFR,N65M,5.5889587
mDHFR,N65P,7.2168884
mDHFR,N65Q,6.301544
mDHFR,N65R,5.9516907
mDHFR,N65S,3.815216
mDHFR,N65T,5.8055725
mDHFR,N65V,5.2947083
mDHFR,N65W,6.737091
mDHFR,N65Y,3.4109802
mDHFR,R66A,8.194855
mDHFR,R66C,9.110077
mDHFR,R66D,8.498993
mDHFR,R66E,8.194031
mDHFR,R66F,6.5257874
mDHFR,R66G,6.947113
mDHFR,R66H,7.81192
mDHFR,R66I,7.954376
mDHFR,R66K,5.109894
mDHFR,R66L,7.013916
mDHFR,R66M,8.407318
mDHFR,R66N,8.63974
mDHFR,R66P,8.578552
mDHFR,R66Q,5.898407
mDHFR,R66S,8.06366
mDHFR,R66T,8.676636
mDHFR,R66V,9.670654
mDHFR,R66W,8.6770935
mDHFR,R66Y,8.295013
mDHFR,P67A,6.6071777
mDHFR,P67C,9.693665
mDHFR,P67D,8.352112
mDHFR,P67E,9.01593
mDHFR,P67F,8.746429
mDHFR,P67G,8.4339905
mDHFR,P67H,8.481079
mDHFR,P67I,8.104706
mDHFR,P67K,6.9618225
mDHFR,P67L,7.4979553
mDHFR,P67M,8.664276
mDHFR,P67N,8.442627
mDHFR,P67Q,8.897156
mDHFR,P67R,6.5641785
mDHFR,P67S,6.7230225
mDHFR,P67T,8.360626
mDHFR,P67V,7.4049377
mDHFR,P67W,8.679138
mDHFR,P67Y,9.368134
mDHFR,L68A,9.098602
mDHFR,L68C,11.785004
mDHFR,L68D,10.11969
mDHFR,L68E,9.952179
mDHFR,L68F,6.8337708
mDHFR,L68G,9.264679
mDHFR,L68H,7.8733826
mDHFR,L68I,6.937866
mDHFR,L68K,8.817688
mDHFR,L68M,7.657959
mDHFR,L68N,8.687653
mDHFR,L68P,8.627167
mDHFR,L68Q,9.4627075
mDHFR,L68R,8.938965
mDHFR,L68S,9.019104
mDHFR,L68T,8.874603
mDHFR,L68V,8.092285
mDHFR,L68W,9.103027
mDHFR,L68Y,7.88385
mDHFR,K69A,3.1595764
mDHFR,K69C,8.902771
mDHFR,K69D,5.9609985
mDHFR,K69E,6.50766
mDHFR,K69F,7.236328
mDHFR,K69G,6.4950867
mDHFR,K69H,6.9036255
mDHFR,K69I,7.226654
mDHFR,K69L,6.8988037
mDHFR,K69M,8.0164795
mDHFR,K69N,4.865753
mDHFR,K69P,3.280304
mDHFR,K69Q,5.0357056
mDHFR,K69R,4.718689
mDHFR,K69S,4.9353027
mDHFR,K69T,5.9883423
mDHFR,K69V,5.297943
mDHFR,K69W,9.540741
mDHFR,K69Y,7.471161
mDHFR,D70A,5.413727
mDHFR,D70C,8.283539
mDHFR,D70E,1.9849243
mDHFR,D70F,7.2203064
mDHFR,D70G,0.9967346
mDHFR,D70H,4.4506226
mDHFR,D70I,8.770721
mDHFR,D70K,3.531372
mDHFR,D70L,6.3531494
mDHFR,D70M,7.117584
mDHFR,D70N,0.4295044
mDHFR,D70P,6.687317
mDHFR,D70Q,4.673218
mDHFR,D70R,4.1900635
mDHFR,D70S,4.3856506
mDHFR,D70T,6.293152
mDHFR,D70V,7.426361
mDHFR,D70W,7.46994
mDHFR,D70Y,6.03302
mDHFR,R71A,7.5839233
mDHFR,R71C,7.3547974
mDHFR,R71D,10.556305
mDHFR,R71E,8.845551
mDHFR,R71F,9.658936
mDHFR,R71G,9.201477
mDHFR,R71H,8.962372
mDHFR,R71I,8.573853
mDHFR,R71K,7.424835
mDHFR,R71L,8.392242
mDHFR,R71M,8.146423
mDHFR,R71N,9.518127
mDHFR,R71P,8.721405
mDHFR,R71Q,9.254791
mDHFR,R71S,8.008942
mDHFR,R71T,7.0874634
mDHFR,R71V,7.5467224
mDHFR,R71W,11.213104
mDHFR,R71Y,8.976044
mDHFR,I72A,8.146149
mDHFR,I72C,9.524902
mDHFR,I72D,7.6849365
mDHFR,I72E,7.363373
mDHFR,I72F,6.9989624
mDHFR,I72G,10.16983
mDHFR,I72H,7.6459045
mDHFR,I72K,6.8906555
mDHFR,I72L,4.1820374
mDHFR,I72M,8.259705
mDHFR,I72N,8.099426
mDHFR,I72P,8.356018
mDHFR,I72Q,7.4732666
mDHFR,I72R,7.4182434
mDHFR,I72S,8.424469
mDHFR,I72T,6.2188416
mDHFR,I72V,5.18277
mDHFR,I72W,9.282379
mDHFR,I72Y,6.758423
mDHFR,N73A,8.931946
mDHFR,N73C,8.556183
mDHFR,N73D,12.223602
mDHFR,N73E,10.256866
mDHFR,N73F,9.39801
mDHFR,N73G,10.304108
mDHFR,N73H,6.556244
mDHFR,N73I,7.7154846
mDHFR,N73K,7.3498535
mDHFR,N73L,9.628479
mDHFR,N73M,9.126068
mDHFR,N73P,9.848724
mDHFR,N73Q,9.263702
mDHFR,N73R,9.303589
mDHFR,N73S,6.7127075
mDHFR,N73T,6.7239075
mDHFR,N73V,8.232117
mDHFR,N73W,11.795471
mDHFR,N73Y,9.501251
mDHFR,I74A,5.726715
mDHFR,I74C,6.871765
mDHFR,I74D,9.5578
mDHFR,I74E,9.943115
mDHFR,I74F,5.1644287
mDHFR,I74G,9.187866
mDHFR,I74H,7.161865
mDHFR,I74K,9.830353
mDHFR,I74L,4.458008
mDHFR,I74M,6.167328
mDHFR,I74N,9.970734
mDHFR,I74P,10.533325
mDHFR,I74Q,10.2164
mDHFR,I74R,8.288544
mDHFR,I74S,9.748383
mDHFR,I74T,7.6602783
mDHFR,I74V,1.8891907
mDHFR,I74W,7.1806946
mDHFR,I74Y,5.9717407
mDHFR,V75A,7.8091736
mDHFR,V75C,9.976471
mDHFR,V75D,10.51178
mDHFR,V75E,10.722626
mDHFR,V75F,10.223267
mDHFR,V75G,10.840729
mDHFR,V75H,10.477356
mDHFR,V75I,4.4446106
mDHFR,V75K,10.65155
mDHFR,V75L,6.4544067
mDHFR,V75M,8.967468
mDHFR,V75N,10.4461975
mDHFR,V75P,10.8671875
mDHFR,V75Q,10.591095
mDHFR,V75R,10.236877
mDHFR,V75S,10.779663
mDHFR,V75T,9.021851
mDHFR,V75W,10.731567
mDHFR,V75Y,10.418304
mDHFR,L76A,8.955322
mDHFR,L76C,9.935913
mDHFR,L76D,11.963226
mDHFR,L76E,12.025848
mDHFR,L76F,9.558929
mDHFR,L76G,12.241913
mDHFR,L76H,12.06012
mDHFR,L76I,4.163666
mDHFR,L76K,11.350128
mDHFR,L76M,8.03775
mDHFR,L76N,12.297058
mDHFR,L76P,9.954987
mDHFR,L76Q,12.054108
mDHFR,L76R,12.0468445
mDHFR,L76S,11.484497
mDHFR,L76T,9.97644
mDHFR,L76V,4.6967773
mDHFR,L76W,10.885803
mDHFR,L76Y,9.839966
mDHFR,S77A,8.698425
mDHFR,S77C,8.675079
mDHFR,S77D,8.84552
mDHFR,S77E,11.348877
mDHFR,S77F,10.621979
mDHFR,S77G,8.5512085
mDHFR,S77H,11.135529
mDHFR,S77I,12.617279
mDHFR,S77K,10.902374
mDHFR,S77L,9.904449
mDHFR,S77M,10.074799
mDHFR,S77N,7.8491516
mDHFR,S77P,10.948517
mDHFR,S77Q,9.962128
mDHFR,S77R,10.094025
mDHFR,S77T,4.1517334
mDHFR,S77V,9.88623
mDHFR,S77W,10.571594
mDHFR,S77Y,10.696594
mDHFR,R78A,6.3916626
mDHFR,R78C,8.578766
mDHFR,R78D,6.4900513
mDHFR,R78E,6.5059204
mDHFR,R78F,7.6552734
mDHFR,R78G,5.1361084
mDHFR,R78H,5.733551
mDHFR,R78I,7.836029
mDHFR,R78K,1.3617859
mDHFR,R78L,7.2469788
mDHFR,R78M,8.2291565
mDHFR,R78N,4.372467
mDHFR,R78P,7.7683716
mDHFR,R78Q,5.9577637
mDHFR,R78S,3.266327
mDHFR,R78T,4.0180054
mDHFR,R78V,9.667328
mDHFR,R78W,8.777527
mDHFR,R78Y,8.391754
mDHFR,E79A,6.3974915
mDHFR,E79C,8.879852
mDHFR,E79D,6.1408386
mDHFR,E79F,8.644653
mDHFR,E79G,6.7134094
mDHFR,E79H,5.8109436
mDHFR,E79I,8.7387085
mDHFR,E79K,4.7891235
mDHFR,E79L,8.383911
mDHFR,E79M,8.724518
mDHFR,E79N,4.73291
mDHFR,E79P,9.34845
mDHFR,E79Q,3.7668762
mDHFR,E79R,4.6373596
mDHFR,E79S,4.061859
mDHFR,E79T,2.7595215
mDHFR,E79V,8.526276
mDHFR,E79W,9.671692
mDHFR,E79Y,8.773041
mDHFR,L80A,6.910187
mDHFR,L80C,7.7232666
mDHFR,L80D,7.249939
mDHFR,L80E,7.0474854
mDHFR,L80F,7.8148193
mDHFR,L80G,7.9448547
mDHFR,L80H,7.1628723
mDHFR,L80I,6.9104614
mDHFR,L80K,6.9362793
mDHFR,L80M,5.30307
mDHFR,L80N,7.567047
mDHFR,L80P,5.897522
mDHFR,L80Q,7.390991
mDHFR,L80R,8.445892
mDHFR,L80S,6.329956
mDHFR,L80T,7.1290283
mDHFR,L80V,6.7297974
mDHFR,L80W,9.512024
mDHFR,L80Y,7.020874
mDHFR,K81A,4.4544983
mDHFR,K81C,7.3045654
mDHFR,K81D,5.0576477
mDHFR,K81E,3.7600098
mDHFR,K81F,6.7400513
mDHFR,K81G,5.1688538
mDHFR,K81H,5.977417
mDHFR,K81I,5.036438
mDHFR,K81L,4.321228
mDHFR,K81M,6.1078186
mDHFR,K81N,4.794525
mDHFR,K81P,4.738098
mDHFR,K81Q,4.038513
mDHFR,K81R,4.4173584
mDHFR,K81S,4.188568
mDHFR,K81T,3.3263245
mDHFR,K81V,5.960388
mDHFR,K81W,8.341217
mDHFR,K81Y,7.0487976
mDHFR,E82A,3.2912292
mDHFR,E82C,7.123352
mDHFR,E82D,3.719452
mDHFR,E82F,7.247406
mDHFR,E82G,6.9777527
mDHFR,E82H,6.7738647
mDHFR,E82I,6.3668823
mDHFR,E82K,4.4513855
mDHFR,E82L,5.54068
mDHFR,E82M,7.4334106
mDHFR,E82N,3.9021301
mDHFR,E82P,4.9443665
mDHFR,E82Q,5.4049683
mDHFR,E82R,6.0099487
mDHFR,E82S,3.2127686
mDHFR,E82T,3.589569
mDHFR,E82V,5.2223206
mDHFR,E82W,7.327301
mDHFR,E82Y,6.8606873
mDHFR,P83A,2.5545654
mDHFR,P83C,6.344116
mDHFR,P83D,5.003418
mDHFR,P83E,4.4639587
mDHFR,P83F,4.9697266
mDHFR,P83G,5.888794
mDHFR,P83H,4.7728577
mDHFR,P83I,5.0968323
mDHFR,P83K,4.8993225
mDHFR,P83L,3.9310608
mDHFR,P83M,6.324463
mDHFR,P83N,5.273926
mDHFR,P83Q,4.7564697
mDHFR,P83R,4.531952
mDHFR,P83S,3.210846
mDHFR,P83T,3.514557
mDHFR,P83V,2.0331726
mDHFR,P83W,8.544128
mDHFR,P83Y,5.258362
mDHFR,P84A,6.895752
mDHFR,P84C,9.6718445
mDHFR,P84D,7.0249023
mDHFR,P84E,7.0622864
mDHFR,P84F,6.865509
mDHFR,P84G,6.547119
mDHFR,P84H,8.046204
mDHFR,P84I,6.816925
mDHFR,P84K,6.1750793
mDHFR,P84L,6.439972
mDHFR,P84M,9.363617
mDHFR,P84N,7.7799683
mDHFR,P84Q,6.7226257
mDHFR,P84R,7.000061
mDHFR,P84S,6.2864075
mDHFR,P84T,7.3775024
mDHFR,P84V,6.731964
mDHFR,P84W,8.165985
mDHFR,P84Y,7.8128967
mDHFR,R85A,-1.9980164
mDHFR,R85C,3.0516663
mDHFR,R85D,-1.2573853
mDHFR,R85E,-2.5188293
mDHFR,R85F,1.8314514
mDHFR,R85G,0.11532593
mDHFR,R85H,-0.083221436
mDHFR,R85I,2.0845337
mDHFR,R85K,-2.7814636
mDHFR,R85L,1.301239
mDHFR,R85M,2.7222595
mDHFR,R85N,-0.29882812
mDHFR,R85P,-1.6078491
mDHFR,R85Q,-2.8760376
mDHFR,R85S,-0.37817383
mDHFR,R85T,-1.0735474
mDHFR,R85V,1.1626892
mDHFR,R85W,1.2615356
mDHFR,R85Y,1.0005188
mDHFR,G86A,7.0422363
mDHFR,G86C,9.569763
mDHFR,G86D,6.0418396
mDHFR,G86E,5.4683228
mDHFR,G86F,9.048279
mDHFR,G86H,6.1285706
mDHFR,G86I,9.035706
mDHFR,G86K,5.4577026
mDHFR,G86L,8.370911
mDHFR,G86M,9.806427
mDHFR,G86N,5.609009
mDHFR,G86P,6.3234253
mDHFR,G86Q,6.995453
mDHFR,G86R,6.544464
mDHFR,G86S,5.6876526
mDHFR,G86T,6.820404
mDHFR,G86V,8.939667
mDHFR,G86W,10.748077
mDHFR,G86Y,8.282074
mDHFR,A87C,6.506592
mDHFR,A87D,6.0150757
mDHFR,A87E,5.970642
mDHFR,A87F,8.523773
mDHFR,A87G,5.7317505
mDHFR,A87H,7.278595
mDHFR,A87I,6.7237244
mDHFR,A87K,6.661804
mDHFR,A87L,7.384918
mDHFR,A87M,8.350067
mDHFR,A87N,6.1587524
mDHFR,A87P,6.4026184
mDHFR,A87Q,7.7978516
mDHFR,A87R,6.994995
mDHFR,A87S,6.167877
mDHFR,A87T,5.9823
mDHFR,A87V,4.578705
mDHFR,A87W,10.172272
mDHFR,A87Y,9.065002
mDHFR,H88A,5.7401123
mDHFR,H88C,7.101532
mDHFR,H88D,5.4226685
mDHFR,H88E,5.9637756
mDHFR,H88F,7.8342896
mDHFR,H88G,8.0052185
mDHFR,H88I,7.0422363
mDHFR,H88K,6.9480896
mDHFR,H88L,7.172577
mDHFR,H88M,9.390564
mDHFR,H88N,6.7318726
mDHFR,H88P,8.054352
mDHFR,H88Q,6.5624084
mDHFR,H88R,7.0205994
mDHFR,H88S,6.5823975
mDHFR,H88T,6.1485596
mDHFR,H88V,5.0773926
mDHFR,H88W,10.8559265
mDHFR,H88Y,8.529144
mDHFR,F89A,4.80072
mDHFR,F89C,4.9538574
mDHFR,F89D,6.0778503
mDHFR,F89E,5.3008423
mDHFR,F89G,4.553711
mDHFR,F89H,1.2225037
mDHFR,F89I,2.0463562
mDHFR,F89K,4.418579
mDHFR,F89L,1.8139343
mDHFR,F89M,4.1520996
mDHFR,F89N,6.020752
mDHFR,F89P,5.8855286
mDHFR,F89Q,4.6333313
mDHFR,F89R,4.5634766
mDHFR,F89S,4.907654
mDHFR,F89T,4.663208
mDHFR,F89V,3.112793
mDHFR,F89W,5.296814
mDHFR,F89Y,-0.50634766
mDHFR,L90A,4.568329
mDHFR,L90C,7.2478027
mDHFR,L90D,9.251648
mDHFR,L90E,7.389221
mDHFR,L90F,6.2626953
mDHFR,L90G,7.7000732
mDHFR,L90H,7.1918945
mDHFR,L90I,5.4321594
mDHFR,L90K,6.7160645
mDHFR,L90M,6.798065
mDHFR,L90N,7.9263
mDHFR,L90P,7.1644287
mDHFR,L90Q,7.718567
mDHFR,L90R,7.1390686
mDHFR,L90S,6.4202576
mDHFR,L90T,5.8345337
mDHFR,L90V,2.978363
mDHFR,L90W,6.7270813
mDHFR,L90Y,6.0487976
mDHFR,A91C,3.6010742
mDHFR,A91D,7.6603394
mDHFR,A91E,6.954651
mDHFR,A91F,5.473877
mDHFR,A91G,7.5498657
mDHFR,A91H,6.986084
mDHFR,A91I,6.4783936
mDHFR,A91K,6.9101257
mDHFR,A91L,6.848419
mDHFR,A91M,7.574585
mDHFR,A91N,7.3657227
mDHFR,A91P,8.658386
mDHFR,A91Q,7.042755
mDHFR,A91R,6.8479614
mDHFR,A91S,3.9394531
mDHFR,A91T,5.5879517
mDHFR,A91V,4.1109314
mDHFR,A91W,9.127869
mDHFR,A91Y,6.1591797
mDHFR,K92A,2.6672363
mDHFR,K92C,5.544037
mDHFR,K92D,2.9427185
mDHFR,K92E,4.3486633
mDHFR,K92F,6.01474
mDHFR,K92G,2.8798523
mDHFR,K92H,3.094757
mDHFR,K92I,6.929474
mDHFR,K92L,5.578064
mDHFR,K92M,6.7330627
mDHFR,K92N,3.3298645
mDHFR,K92P,3.1388245
mDHFR,K92Q,4.2386475
mDHFR,K92R,1.5578613
mDHFR,K92S,1.2645569
mDHFR,K92T,4.096222
mDHFR,K92V,6.133972
mDHFR,K92W,7.3811035
mDHFR,K92Y,5.993042
mDHFR,S93A,6.6402283
mDHFR,S93C,7.2110596
mDHFR,S93D,1.3588257
mDHFR,S93E,6.415802
mDHFR,S93F,8.200897
mDHFR,S93G,5.0091248
mDHFR,S93H,7.251953
mDHFR,S93I,8.194153
mDHFR,S93K,6.165161
mDHFR,S93L,8.2065735
mDHFR,S93M,9.046753
mDHFR,S93N,3.5700989
mDHFR,S93P,6.913849
mDHFR,S93Q,6.8722534
mDHFR,S93R,7.273041
mDHFR,S93T,2.8930664
mDHFR,S93V,8.443176
mDHFR,S93W,9.736542
mDHFR,S93Y,7.8124695
mDHFR,L94A,8.162689
mDHFR,L94C,9.548309
mDHFR,L94D,9.169586
mDHFR,L94E,7.386017
mDHFR,L94F,2.1631775
mDHFR,L94G,9.42804
mDHFR,L94H,9.498108
mDHFR,L94I,4.1690063
mDHFR,L94K,7.523651
mDHFR,L94M,5.1029663
mDHFR,L94N,8.898712
mDHFR,L94P,7.1779785
mDHFR,L94Q,9.235779
mDHFR,L94R,8.343231
mDHFR,L94S,8.7453
mDHFR,L94T,7.713379
mDHFR,L94V,5.4969177
mDHFR,L94W,7.3550415
mDHFR,L94Y,6.500061
mDHFR,D95A,2.909546
mDHFR,D95C,6.5783386
mDHFR,D95E,1.554779
mDHFR,D95F,6.179291
mDHFR,D95G,5.390381
mDHFR,D95H,5.9680786
mDHFR,D95I,6.0469666
mDHFR,D95K,4.042267
mDHFR,D95L,5.3023987
mDHFR,D95M,6.2824707
mDHFR,D95N,3.7856445
mDHFR,D95P,2.857605
mDHFR,D95Q,3.3880005
mDHFR,D95R,5.4396057
mDHFR,D95S,2.3172607
mDHFR,D95T,3.356781
mDHFR,D95V,4.7600403
mDHFR,D95W,7.847992
mDHFR,D95Y,7.2107544
mDHFR,D96A,2.2694702
mDHFR,D96C,7.814514
mDHFR,D96E,0.01083374
mDHFR,D96F,6.7685547
mDHFR,D96G,4.21167
mDHFR,D96H,3.748413
mDHFR,D96I,5.90683
mDHFR,D96K,3.9569702
mDHFR,D96L,4.580597
mDHFR,D96M,5.2462463
mDHFR,D96N,3.9854126
mDHFR,D96P,6.141815
mDHFR,D96Q,3.2073364
mDHFR,D96R,4.8422546
mDHFR,D96S,0.85128784
mDHFR,D96T,3.931305
mDHFR,D96V,6.038666
mDHFR,D96W,7.930023
mDHFR,D96Y,6.7384033
mDHFR,A97C,7.192932
mDHFR,A97D,9.5078125
mDHFR,A97E,8.382416
mDHFR,A97F,8.924316
mDHFR,A97G,6.12088
mDHFR,A97H,9.824158
mDHFR,A97I,6.8121643
mDHFR,A97K,9.482605
mDHFR,A97L,6.0664673
mDHFR,A97M,8.361725
mDHFR,A97N,10.194733
mDHFR,A97P,10.99707
mDHFR,A97Q,9.779602
mDHFR,A97R,9.393951
mDHFR,A97S,7.22995
mDHFR,A97T,7.612854
mDHFR,A97V,5.9870605
mDHFR,A97W,10.314819
mDHFR,A97Y,9.695221
mDHFR,L98A,7.385956
mDHFR,L98C,7.9870605
mDHFR,L98D,8.551453
mDHFR,L98E,8.58963
mDHFR,L98F,4.8529663
mDHFR,L98G,9.299652
mDHFR,L98H,8.3594055
mDHFR,L98I,3.2478027
mDHFR,L98K,8.287201
mDHFR,L98M,5.2231445
mDHFR,L98N,8.291382
mDHFR,L98P,9.075775
mDHFR,L98Q,8.236633
mDHFR,L98R,8.55896
mDHFR,L98S,7.7417297
mDHFR,L98T,7.748108
mDHFR,L98V,3.2144165
mDHFR,L98W,8.348877
mDHFR,L98Y,7.2203674
mDHFR,R99A,0.9409485
mDHFR,R99C,4.40683
mDHFR,R99D,-0.41729736
mDHFR,R99E,0.32855225
mDHFR,R99F,4.100464
mDHFR,R99G,2.8788757
mDHFR,R99H,2.8150024
mDHFR,R99I,3.8190002
mDHFR,R99K,-0.34326172
mDHFR,R99L,1.9650269
mDHFR,R99M,4.1672974
mDHFR,R99N,0.8396301
mDHFR,R99P,4.340851
mDHFR,R99Q,0.54244995
mDHFR,R99S,1.0518799
mDHFR,R99T,1.0490723
mDHFR,R99V,1.9872742
mDHFR,R99W,5.6445007
mDHFR,R99Y,4.397949
mDHFR,L100A,4.085144
mDHFR,L100C,7.437317
mDHFR,L100D,5.3601074
mDHFR,L100E,5.1194763
mDHFR,L100F,4.8013306
mDHFR,L100G,6.8599243
mDHFR,L100H,4.3602905
mDHFR,L100I,4.620331
mDHFR,L100K,4.2387695
mDHFR,L100M,4.6936646
mDHFR,L100N,6.2179565
mDHFR,L100P,8.861877
mDHFR,L100Q,5.5900574
mDHFR,L100R,5.3406677
mDHFR,L100S,4.7413025
mDHFR,L100T,4.8749695
mDHFR,L100V,4.724121
mDHFR,L100W,5.227722
mDHFR,L100Y,5.3454895
mDHFR,I101A,0.47732544
mDHFR,I101C,3.3069763
mDHFR,I101D,5.436615
mDHFR,I101E,5.057678
mDHFR,I101F,2.338684
mDHFR,I101G,3.361084
mDHFR,I101H,4.299408
mDHFR,I101K,5.16568
mDHFR,I101L,-2.0537415
mDHFR,I101M,3.8411865
mDHFR,I101N,4.559601
mDHFR,I101P,4.805603
mDHFR,I101Q,4.8316345
mDHFR,I101R,4.933563
mDHFR,I101S,2.4560852
mDHFR,I101T,2.6107178
mDHFR,I101V,0.4472351
mDHFR,I101W,4.8795776
mDHFR,I101Y,2.7512207
mDHFR,E102A,3.4857178
mDHFR,E102C,4.9561768
mDHFR,E102D,1.0436401
mDHFR,E102F,5.8202515
mDHFR,E102G,3.9077454
mDHFR,E102H,4.59198
mDHFR,E102I,4.164795
mDHFR,E102K,2.8821716
mDHFR,E102L,4.224945
mDHFR,E102M,4.1290283
mDHFR,E102N,3.9004517
mDHFR,E102P,6.1139526
mDHFR,E102Q,2.8024597
mDHFR,E102R,2.8972778
mDHFR,E102S,2.320282
mDHFR,E102T,3.4274292
mDHFR,E102V,4.2117615
mDHFR,E102W,6.6171875
mDHFR,E102Y,4.7322083
mDHFR,Q103A,1.9595337
mDHFR,Q103C,5.26532
mDHFR,Q103D,2.1113586
mDHFR,Q103E,2.0544434
mDHFR,Q103F,4.6497498
mDHFR,Q103G,1.9162903
mDHFR,Q103H,3.033661
mDHFR,Q103I,3.9662476
mDHFR,Q103K,1.7504272
mDHFR,Q103L,2.221283
mDHFR,Q103M,4.2718506
mDHFR,Q103N,1.9883728
mDHFR,Q103P,4.04303
mDHFR,Q103R,2.7684631
mDHFR,Q103S,-1.3266602
mDHFR,Q103T,-0.013153076
mDHFR,Q103V,4.0720825
mDHFR,Q103W,6.1023865
mDHFR,Q103Y,4.7218323
mDHFR,P104A,4.212311
mDHFR,P104C,7.561798
mDHFR,P104D,5.0763855
mDHFR,P104E,4.9446106
mDHFR,P104F,6.7381287
mDHFR,P104G,5.3503113
mDHFR,P104H,5.9888
mDHFR,P104I,7.0176697
mDHFR,P104K,5.370758
mDHFR,P104L,5.118103
mDHFR,P104M,7.6811523
mDHFR,P104N,6.0147095
mDHFR,P104Q,6.070099
mDHFR,P104R,6.268097
mDHFR,P104S,3.3822021
mDHFR,P104T,5.6275635
mDHFR,P104V,7.0599365
mDHFR,P104W,7.1941223
mDHFR,P104Y,6.231262
mDHFR,E105A,4.726227
mDHFR,E105C,7.1611023
mDHFR,E105D,5.4634705
mDHFR,E105F,7.3375854
mDHFR,E105G,5.518463
mDHFR,E105H,6.9632263
mDHFR,E105I,6.468872
mDHFR,E105K,4.4894714
mDHFR,E105L,5.794464
mDHFR,E105M,7.919464
mDHFR,E105N,6.7661133
mDHFR,E105P,3.3639832
mDHFR,E105Q,5.975067
mDHFR,E105R,6.675049
mDHFR,E105S,5.2061157
mDHFR,E105T,6.018402
mDHFR,E105V,6.6120605
mDHFR,E105W,9.81369
mDHFR,E105Y,6.5305176
mDHFR,L106A,5.707855
mDHFR,L106C,7.6059265
mDHFR,L106D,6.041107
mDHFR,L106E,5.446686
mDHFR,L106F,5.1163025
mDHFR,L106G,6.376892
mDHFR,L106H,5.7879944
mDHFR,L106I,4.787384
mDHFR,L106K,6.1145325
mDHFR,L106M,3.8574524
mDHFR,L106N,6.1724243
mDHFR,L106P,6.6629333
mDHFR,L106Q,4.954773
mDHFR,L106R,5.4884033
mDHFR,L106S,5.8044434
mDHFR,L106T,6.2313538
mDHFR,L106V,5.8630066
mDHFR,L106W,7.6183777
mDHFR,L106Y,5.0794067
mDHFR,A107C,3.494629
mDHFR,A107D,3.9595947
mDHFR,A107E,2.5057068
mDHFR,A107F,5.396515
mDHFR,A107G,3.1392822
mDHFR,A107H,4.940033
mDHFR,A107I,4.5036926
mDHFR,A107K,0.9157715
mDHFR,A107L,3.4039612
mDHFR,A107M,4.6519165
mDHFR,A107N,2.7387695
mDHFR,A107P,4.751465
mDHFR,A107Q,2.7413025
mDHFR,A107R,2.5289307
mDHFR,A107S,0.9333496
mDHFR,A107T,2.93573
mDHFR,A107V,3.3486023
mDHFR,A107W,7.3563538
mDHFR,A107Y,5.826996
mDHFR,S108A,2.512329
mDHFR,S108C,4.4610596
mDHFR,S108D,-1.3525391
mDHFR,S108E,-0.46087646
mDHFR,S108F,3.8537292
mDHFR,S108G,1.3457642
mDHFR,S108H,2.4749146
mDHFR,S108I,2.7402039
mDHFR,S108K,0.6234436
mDHFR,S108L,1.873169
mDHFR,S108M,4.134308
mDHFR,S108N,-0.046447754
mDHFR,S108P,1.1899109
mDHFR,S108Q,1.563446
mDHFR,S108R,1.2810059
mDHFR,S108T,2.3726501
mDHFR,S108V,2.901703
mDHFR,S108W,5.3255005
mDHFR,S108Y,3.3709717
mDHFR,K109A,3.706482
mDHFR,K109C,5.947174
mDHFR,K109D,4.265808
mDHFR,K109E,2.9054565
mDHFR,K109F,5.995575
mDHFR,K109G,4.161255
mDHFR,K109H,5.318054
mDHFR,K109I,4.9818115
mDHFR,K109L,3.1683655
mDHFR,K109M,6.380951
mDHFR,K109N,3.829773
mDHFR,K109P,3.8984375
mDHFR,K109Q,1.9785461
mDHFR,K109R,2.779602
mDHFR,K109S,4.215576
mDHFR,K109T,3.478424
mDHFR,K109V,3.9127197
mDHFR,K109W,7.1634827
mDHFR,K109Y,5.5278625
mDHFR,V110A,3.1589355
mDHFR,V110C,5.7300415
mDHFR,V110D,5.30188
mDHFR,V110E,5.911743
mDHFR,V110F,5.5077515
mDHFR,V110G,4.9952087
mDHFR,V110H,5.5186157
mDHFR,V110I,2.262085
mDHFR,V110K,6.193054
mDHFR,V110L,3.0959778
mDHFR,V110M,6.695526
mDHFR,V110N,5.7680054
mDHFR,V110P,5.5476685
mDHFR,V110Q,5.5702515
mDHFR,V110R,6.138733
mDHFR,V110S,5.0353394
mDHFR,V110T,5.618103
mDHFR,V110W,8.202148
mDHFR,V110Y,5.215576
mDHFR,D111A,6.639679
mDHFR,D111C,8.00296
mDHFR,D111E,2.8813171
mDHFR,D111F,7.5021973
mDHFR,D111G,5.2781982
mDHFR,D111H,4.9255676
mDHFR,D111I,7.783264
mDHFR,D111K,5.3407288
mDHFR,D111L,7.0049744
mDHFR,D111M,7.361725
mDHFR,D111N,4.920227
mDHFR,D111P,7.015442
mDHFR,D111Q,5.0808716
mDHFR,D111R,5.192749
mDHFR,D111S,6.231201
mDHFR,D111T,5.95105
mDHFR,D111V,7.4188232
mDHFR,D111W,10.536713
mDHFR,D111Y,6.135315
mDHFR,M112A,3.4140625
mDHFR,M112C,5.1155396
mDHFR,M112D,2.453003
mDHFR,M112E,0.95306396
mDHFR,M112F,5.5030212
mDHFR,M112G,3.138916
mDHFR,M112H,2.3374023
mDHFR,M112I,3.2949524
mDHFR,M112K,-0.64123535
mDHFR,M112L,-0.62509155
mDHFR,M112N,0.5837097
mDHFR,M112P,3.1708984
mDHFR,M112Q,-0.23892212
mDHFR,M112R,1.104126
mDHFR,M112S,0.9472046
mDHFR,M112T,0.32357788
mDHFR,M112V,2.5231018
mDHFR,M112W,4.2453613
mDHFR,M112Y,4.041992
mDHFR,V113A,5.1529236
mDHFR,V113C,5.4212036
mDHFR,V113D,8.463928
mDHFR,V113E,8.782501
mDHFR,V113F,6.4958496
mDHFR,V113G,7.58078
mDHFR,V113H,8.122131
mDHFR,V113I,0.4491577
mDHFR,V113K,8.039459
mDHFR,V113L,4.5879517
mDHFR,V113M,6.6471252
mDHFR,V113N,7.4191895
mDHFR,V113P,6.974121
mDHFR,V113Q,8.734009
mDHFR,V113R,7.6495056
mDHFR,V113S,7.57312
mDHFR,V113T,5.636322
mDHFR,V113W,8.519714
mDHFR,V113Y,6.079956
mDHFR,W114A,8.18396
mDHFR,W114C,8.199036
mDHFR,W114D,11.0896
mDHFR,W114E,11.555054
mDHFR,W114F,4.717926
mDHFR,W114G,10.123138
mDHFR,W114H,7.879364
mDHFR,W114I,7.864502
mDHFR,W114K,11.458771
mDHFR,W114L,8.034943
mDHFR,W114M,7.1026
mDHFR,W114N,10.698944
mDHFR,W114P,11.146851
mDHFR,W114Q,10.330627
mDHFR,W114R,9.84082
mDHFR,W114S,8.975525
mDHFR,W114T,9.906036
mDHFR,W114V,8.231445
mDHFR,W114Y,5.955475
mDHFR,I115A,6.069153
mDHFR,I115C,6.5589294
mDHFR,I115D,8.560669
mDHFR,I115E,8.400391
mDHFR,I115F,6.2952576
mDHFR,I115G,7.9176025
mDHFR,I115H,9.917297
mDHFR,I115K,9.759247
mDHFR,I115L,6.0932617
mDHFR,I115M,7.2709656
mDHFR,I115N,6.5399475
mDHFR,I115P,10.996765
mDHFR,I115Q,9.323914
mDHFR,I115R,10.2534485
mDHFR,I115S,7.080017
mDHFR,I115T,7.1889343
mDHFR,I115V,1.68219
mDHFR,I115W,9.152252
mDHFR,I115Y,9.021393
mDHFR,V116A,3.8763123
mDHFR,V116C,3.7082825
mDHFR,V116D,5.3572693
mDHFR,V116E,6.1772156
mDHFR,V116F,3.958496
mDHFR,V116G,5.3762207
mDHFR,V116H,6.0889893
mDHFR,V116I,-1.8317566
mDHFR,V116K,8.161316
mDHFR,V116L,3.191742
mDHFR,V116M,4.451935
mDHFR,V116N,6.430298
mDHFR,V116P,8.857483
mDHFR,V116Q,7.1947937
mDHFR,V116R,8.4852295
mDHFR,V116S,5.3067627
mDHFR,V116T,2.9585266
mDHFR,V116W,6.636902
mDHFR,V116Y,5.1483765
mDHFR,G117A,7.824524
mDHFR,G117C,10.209503
mDHFR,G117D,10.914398
mDHFR,G117E,10.581177
mDHFR,G117F,10.381195
mDHFR,G117H,10.309601
mDHFR,G117I,11.626495
mDHFR,G117K,11.662811
mDHFR,G117L,10.465515
mDHFR,G117M,11.914001
mDHFR,G117N,10.68689
mDHFR,G117P,12.054047
mDHFR,G117Q,12.401855
mDHFR,G117R,11.0842285
mDHFR,G117S,8.795227
mDHFR,G117T,11.1840515
mDHFR,G117V,11.27298
mDHFR,G117W,12.047119
mDHFR,G117Y,12.025055
mDHFR,G118A,8.971222
mDHFR,G118C,11.965515
mDHFR,G118D,9.974609
mDHFR,G118E,10.884735
mDHFR,G118F,10.47403
mDHFR,G118H,10.487305
mDHFR,G118I,11.3246155
mDHFR,G118K,10.914795
mDHFR,G118L,10.574036
mDHFR,G118M,10.876923
mDHFR,G118N,10.804993
mDHFR,G118P,10.4131775
mDHFR,G118Q,10.765411
mDHFR,G118R,10.818115
mDHFR,G118S,7.424652
mDHFR,G118T,9.832764
mDHFR,G118V,10.313751
mDHFR,G118W,10.34433
mDHFR,G118Y,10.879364
mDHFR,S119A,3.800476
mDHFR,S119C,7.777832
mDHFR,S119D,7.262024
mDHFR,S119E,5.394348
mDHFR,S119F,7.5982056
mDHFR,S119G,4.747925
mDHFR,S119H,5.978882
mDHFR,S119I,7.5499268
mDHFR,S119K,5.4987183
mDHFR,S119L,6.775055
mDHFR,S119M,8.140747
mDHFR,S119N,4.3196716
mDHFR,S119P,6.195343
mDHFR,S119Q,6.1296997
mDHFR,S119R,4.819031
mDHFR,S119T,3.7918396
mDHFR,S119V,4.783722
mDHFR,S119W,9.299469
mDHFR,S119Y,6.6111145
mDHFR,S120A,3.6103516
mDHFR,S120C,8.298126
mDHFR,S120D,4.9865723
mDHFR,S120E,4.6028137
mDHFR,S120F,6.407257
mDHFR,S120G,3.6212158
mDHFR,S120H,6.1111755
mDHFR,S120I,7.2981567
mDHFR,S120K,4.8012085
mDHFR,S120L,7.1676025
mDHFR,S120M,6.5570374
mDHFR,S120N,5.3342896
mDHFR,S120P,8.244415
mDHFR,S120Q,4.0742188
mDHFR,S120R,5.0335693
mDHFR,S120T,4.569763
mDHFR,S120V,6.6281433
mDHFR,S120W,10.224426
mDHFR,S120Y,7.002838
mDHFR,V121A,6.422699
mDHFR,V121C,7.4399414
mDHFR,V121D,8.895905
mDHFR,V121E,9.244751
mDHFR,V121F,5.6755676
mDHFR,V121G,8.18808
mDHFR,V121H,8.97171
mDHFR,V121I,2.6039124
mDHFR,V121K,10.983398
mDHFR,V121L,1.2971497
mDHFR,V121M,5.458618
mDHFR,V121N,7.6954956
mDHFR,V121P,6.933014
mDHFR,V121Q,9.124329
mDHFR,V121R,8.917419
mDHFR,V121S,7.754059
mDHFR,V121T,6.428528
mDHFR,V121W,9.076416
mDHFR,V121Y,9.059326
mDHFR,Y122A,7.370178
mDHFR,Y122C,7.2849426
mDHFR,Y122D,6.776367
mDHFR,Y122E,10.260071
mDHFR,Y122F,4.592499
mDHFR,Y122G,8.247498
mDHFR,Y122H,8.914337
mDHFR,Y122I,6.054016
mDHFR,Y122K,9.942078
mDHFR,Y122L,6.801819
mDHFR,Y122M,8.94928
mDHFR,Y122N,8.389191
mDHFR,Y122P,9.680603
mDHFR,Y122Q,9.238403
mDHFR,Y122R,10.228851
mDHFR,Y122S,7.351227
mDHFR,Y122T,7.6835938
mDHFR,Y122V,6.110321
mDHFR,Y122W,7.2095947
mDHFR,Q123A,1.3385925
mDHFR,Q123C,4.9484253
mDHFR,Q123D,1.8297424
mDHFR,Q123E,-0.37329102
mDHFR,Q123F,5.484436
mDHFR,Q123G,1.910675
mDHFR,Q123H,2.5546875
mDHFR,Q123I,4.0894165
mDHFR,Q123K,-3.3944092
mDHFR,Q123L,3.5340576
mDHFR,Q123M,3.6886902
mDHFR,Q123N,1.4516296
mDHFR,Q123P,5.5838013
mDHFR,Q123R,-0.093933105
mDHFR,Q123S,0.6994629
mDHFR,Q123T,2.6115112
mDHFR,Q123V,3.642212
mDHFR,Q123W,5.509552
mDHFR,Q123Y,5.08078
mDHFR,E124A,3.0101013
mDHFR,E124C,8.403809
mDHFR,E124D,4.6755066
mDHFR,E124F,8.392242
mDHFR,E124G,7.136322
mDHFR,E124H,6.4498596
mDHFR,E124I,6.089966
mDHFR,E124K,6.3589783
mDHFR,E124L,5.604065
mDHFR,E124M,5.866577
mDHFR,E124N,6.975403
mDHFR,E124P,8.256683
mDHFR,E124Q,5.0543213
mDHFR,E124R,7.028351
mDHFR,E124S,4.6040955
mDHFR,E124T,6.0464783
mDHFR,E124V,5.7322083
mDHFR,E124W,7.906708
mDHFR,E124Y,8.17392
mDHFR,A125C,6.3477173
mDHFR,A125D,10.291565
mDHFR,A125E,9.343109
mDHFR,A125F,6.085327
mDHFR,A125G,5.3698425
mDHFR,A125H,9.325928
mDHFR,A125I,6.3112793
mDHFR,A125K,9.864319
mDHFR,A125L,3.7324219
mDHFR,A125M,4.9165344
mDHFR,A125N,9.818909
mDHFR,A125P,9.329102
mDHFR,A125Q,9.068787
mDHFR,A125R,9.312012
mDHFR,A125S,4.0558777
mDHFR,A125T,4.5783997
mDHFR,A125V,2.8220825
mDHFR,A125W,7.9029236
mDHFR,A125Y,6.8535156
mDHFR,M126A,6.3764343
mDHFR,M126C,9.492401
mDHFR,M126D,8.11319
mDHFR,M126E,6.9091187
mDHFR,M126F,5.774475
mDHFR,M126G,9.955902
mDHFR,M126H,7.6772766
mDHFR,M126I,3.598877
mDHFR,M126K,7.177643
mDHFR,M126L,2.4915771
mDHFR,M126N,8.756317
mDHFR,M126P,10.210419
mDHFR,M126Q,8.17453
mDHFR,M126R,7.3967896
mDHFR,M126S,7.7197266
mDHFR,M126T,7.242676
mDHFR,M126V,4.6824646
mDHFR,M126W,6.4285583
mDHFR,M126Y,6.7320557
mDHFR,N127A,1.8417969
mDHFR,N127C,6.033203
mDHFR,N127D,0.55792236
mDHFR,N127E,-1.4551697
mDHFR,N127F,5.087097
mDHFR,N127G,2.9757385
mDHFR,N127H,3.6714478
mDHFR,N127I,4.5213623
mDHFR,N127K,1.6997986
mDHFR,N127L,4.084503
mDHFR,N127M,4.4827576
mDHFR,N127P,5.242859
mDHFR,N127Q,1.3876038
mDHFR,N127R,2.2679443
mDHFR,N127S,0.9423523
mDHFR,N127T,1.7500916
mDHFR,N127V,4.105011
mDHFR,N127W,6.4384766
mDHFR,N127Y,4.7501526
mDHFR,Q128A,0.48876953
mDHFR,Q128C,1.4505005
mDHFR,Q128D,-0.4006958
mDHFR,Q128E,0.70532227
mDHFR,Q128F,1.7785034
mDHFR,Q128G,0.6435547
mDHFR,Q128H,-1.1777344
mDHFR,Q128I,1.9880676
mDHFR,Q128K,-3.105072
mDHFR,Q128L,-0.52368164
mDHFR,Q128M,-0.4822998
mDHFR,Q128N,-0.48568726
mDHFR,Q128P,2.4950562
mDHFR,Q128R,-1.5958252
mDHFR,Q128S,-2.0505676
mDHFR,Q128T,-0.41729736
mDHFR,Q128V,1.7730713
mDHFR,Q128W,4.64032
mDHFR,Q128Y,-0.28482056
mDHFR,P129A,4.3806763
mDHFR,P129C,8.721954
mDHFR,P129D,4.7385254
mDHFR,P129E,5.052582
mDHFR,P129F,7.7811584
mDHFR,P129G,3.832306
mDHFR,P129H,5.962616
mDHFR,P129I,7.9324036
mDHFR,P129K,3.0055542
mDHFR,P129L,6.5973816
mDHFR,P129M,8.407379
mDHFR,P129N,5.5289307
mDHFR,P129Q,5.563019
mDHFR,P129R,5.5071106
mDHFR,P129S,3.347168
mDHFR,P129T,5.289734
mDHFR,P129V,6.8061523
mDHFR,P129W,9.48291
mDHFR,P129Y,7.383209
mDHFR,G130A,2.4623108
mDHFR,G130C,1.8072815
mDHFR,G130D,2.778839
mDHFR,G130E,2.9799194
mDHFR,G130F,3.003601
mDHFR,G130H,2.7467651
mDHFR,G130I,1.197998
mDHFR,G130K,3.8735046
mDHFR,G130L,1.4530029
mDHFR,G130M,3.1751099
mDHFR,G130N,2.3542175
mDHFR,G130P,5.4527893
mDHFR,G130Q,3.302826
mDHFR,G130R,3.1347961
mDHFR,G130S,2.0397644
mDHFR,G130T,3.3320007
mDHFR,G130V,1.7622986
mDHFR,G130W,2.7113647
mDHFR,G130Y,2.2490845
mDHFR,H131A,2.917694
mDHFR,H131C,2.062378
mDHFR,H131D,5.27417
mDHFR,H131E,4.8544617
mDHFR,H131F,3.1531677
mDHFR,H131G,4.4035034
mDHFR,H131I,3.2673035
mDHFR,H131K,4.897217
mDHFR,H131L,2.681305
mDHFR,H131M,4.5103455
mDHFR,H131N,3.7664795
mDHFR,H131P,1.6716003
mDHFR,H131Q,3.839325
mDHFR,H131R,5.712799
mDHFR,H131S,2.6309204
mDHFR,H131T,2.175537
mDHFR,H131V,2.5275574
mDHFR,H131W,3.6820374
mDHFR,H131Y,4.7660522
mDHFR,L132A,2.6730042
mDHFR,L132C,0.5561218
mDHFR,L132D,0.4580078
mDHFR,L132E,1.6977539
mDHFR,L132F,4.444031
mDHFR,L132G,1.8486023
mDHFR,L132H,-0.98760986
mDHFR,L132I,3.7158203
mDHFR,L132K,-0.089904785
mDHFR,L132M,5.095276
mDHFR,L132N,1.1279297
mDHFR,L132P,3.7947388
mDHFR,L132Q,-0.9416504
mDHFR,L132R,0.12384033
mDHFR,L132S,0.99139404
mDHFR,L132T,1.478302
mDHFR,L132V,1.33255
mDHFR,L132W,4.797821
mDHFR,L132Y,1.4589233
mDHFR,R133A,5.2897034
mDHFR,R133C,6.4581604
mDHFR,R133D,6.287964
mDHFR,R133E,5.1219482
mDHFR,R133F,6.4689026
mDHFR,R133G,6.099304
mDHFR,R133H,5.299469
mDHFR,R133I,5.4375916
mDHFR,R133K,2.8137207
mDHFR,R133L,2.9252625
mDHFR,R133M,6.401947
mDHFR,R133N,5.108734
mDHFR,R133P,9.666992
mDHFR,R133Q,3.9239502
mDHFR,R133S,5.3193054
mDHFR,R133T,4.5985107
mDHFR,R133V,5.0588074
mDHFR,R133W,7.7591248
mDHFR,R133Y,3.9651794
mDHFR,L134A,5.467102
mDHFR,L134C,6.7494507
mDHFR,L134D,9.847229
mDHFR,L134E,10.7074585
mDHFR,L134F,5.198639
mDHFR,L134G,8.106964
mDHFR,L134H,9.123047
mDHFR,L134I,2.8353271
mDHFR,L134K,10.012909
mDHFR,L134M,5.7704773
mDHFR,L134N,10.06839
mDHFR,L134P,10.083527
mDHFR,L134Q,7.3443604
mDHFR,L134R,9.185486
mDHFR,L134S,9.850525
mDHFR,L134T,9.326263
mDHFR,L134V,3.7046204
mDHFR,L134W,7.1860046
mDHFR,L134Y,6.853302
mDHFR,F135A,8.648102
mDHFR,F135C,8.217438
mDHFR,F135D,7.5778503
mDHFR,F135E,5.816925
mDHFR,F135G,9.504913
mDHFR,F135H,5.602997
mDHFR,F135I,5.7627563
mDHFR,F135K,8.997925
mDHFR,F135L,5.163269
mDHFR,F135M,8.003326
mDHFR,F135N,8.5329895
mDHFR,F135P,10.807312
mDHFR,F135Q,7.261261
mDHFR,F135R,8.029022
mDHFR,F135S,7.9259033
mDHFR,F135T,7.945221
mDHFR,F135V,5.440979
mDHFR,F135W,8.188202
mDHFR,F135Y,2.2578735
mDHFR,V136A,6.3580627
mDHFR,V136C,5.7404785
mDHFR,V136D,12.80722
mDHFR,V136E,7.5216064
mDHFR,V136F,3.968933
mDHFR,V136G,8.894745
mDHFR,V136H,7.4219666
mDHFR,V136I,3.4517517
mDHFR,V136K,6.4695435
mDHFR,V136L,1.8096313
mDHFR,V136M,4.961273
mDHFR,V136N,8.94455
mDHFR,V136P,7.928009
mDHFR,V136Q,6.630066
mDHFR,V136R,5.870056
mDHFR,V136S,7.324402
mDHFR,V136T,6.8816223
mDHFR,V136W,7.1268005
mDHFR,V136Y,4.9286804
mDHFR,T137A,7.4809265
mDHFR,T137C,7.713623
mDHFR,T137D,9.228882
mDHFR,T137E,9.701996
mDHFR,T137F,7.1276245
mDHFR,T137G,9.778748
mDHFR,T137H,9.023743
mDHFR,T137I,8.493561
mDHFR,T137K,9.116821
mDHFR,T137L,8.681702
mDHFR,T137M,9.184967
mDHFR,T137N,8.247772
mDHFR,T137P,11.377655
mDHFR,T137Q,9.249054
mDHFR,T137R,10.397705
mDHFR,T137S,5.9277954
mDHFR,T137V,8.814728
mDHFR,T137W,10.015717
mDHFR,T137Y,8.998566
mDHFR,R138A,7.488739
mDHFR,R138C,7.49765
mDHFR,R138D,5.552765
mDHFR,R138E,5.3200073
mDHFR,R138F,7.3841248
mDHFR,R138G,10.415039
mDHFR,R138H,5.2332153
mDHFR,R138I,5.2630005
mDHFR,R138K,4.2683105
mDHFR,R138L,6.2665405
mDHFR,R138M,7.56485
mDHFR,R138N,6.331421
mDHFR,R138P,11.91568
mDHFR,R138Q,5.3290405
mDHFR,R138S,7.1098022
mDHFR,R138T,5.5500793
mDHFR,R138V,5.538849
mDHFR,R138W,7.482666
mDHFR,R138Y,6.7869873
mDHFR,I139A,8.16745
mDHFR,I139C,8.680603
mDHFR,I139D,9.799377
mDHFR,I139E,9.068481
mDHFR,I139F,7.581085
mDHFR,I139G,10.115265
mDHFR,I139H,8.702576
mDHFR,I139K,11.84787
mDHFR,I139L,4.8322754
mDHFR,I139M,8.437683
mDHFR,I139N,7.7055054
mDHFR,I139P,11.215454
mDHFR,I139Q,9.967651
mDHFR,I139R,11.132904
mDHFR,I139S,8.988739
mDHFR,I139T,8.9711
mDHFR,I139V,2.9485168
mDHFR,I139W,10.459595
mDHFR,I139Y,8.485077
mDHFR,M140A,4.528076
mDHFR,M140C,6.613037
mDHFR,M140D,3.081421
mDHFR,M140E,3.651703
mDHFR,M140F,3.3110046
mDHFR,M140G,5.0331116
mDHFR,M140H,2.889801
mDHFR,M140I,5.7092896
mDHFR,M140K,3.2361755
mDHFR,M140L,-0.48016357
mDHFR,M140N,2.7142944
mDHFR,M140P,4.914276
mDHFR,M140Q,2.5449524
mDHFR,M140R,3.8452759
mDHFR,M140S,4.6772156
mDHFR,M140T,5.142975
mDHFR,M140V,5.286255
mDHFR,M140W,6.612335
mDHFR,M140Y,3.6431274
mDHFR,Q141A,3.436615
mDHFR,Q141C,6.3467407
mDHFR,Q141D,4.8948364
mDHFR,Q141E,3.6912842
mDHFR,Q141F,6.7289124
mDHFR,Q141G,4.00473
mDHFR,Q141H,2.2527466
mDHFR,Q141I,6.388916
mDHFR,Q141K,1.7159729
mDHFR,Q141L,5.8439026
mDHFR,Q141M,5.655548
mDHFR,Q141N,4.5008545
mDHFR,Q141P,7.307007
mDHFR,Q141R,5.087555
mDHFR,Q141S,4.18573
mDHFR,Q141T,4.1869507
mDHFR,Q141V,5.886322
mDHFR,Q141W,8.539429
mDHFR,Q141Y,6.449646
mDHFR,E142A,3.8336487
mDHFR,E142C,6.008728
mDHFR,E142D,0.9087219
mDHFR,E142F,6.577423
mDHFR,E142G,5.418976
mDHFR,E142H,4.6430054
mDHFR,E142I,4.9018555
mDHFR,E142K,3.8606873
mDHFR,E142L,5.814453
mDHFR,E142M,7.083557
mDHFR,E142N,4.0137024
mDHFR,E142P,5.0829773
mDHFR,E142Q,2.0960083
mDHFR,E142R,4.9516296
mDHFR,E142S,3.2619324
mDHFR,E142T,3.970459
mDHFR,E142V,4.58844
mDHFR,E142W,8.216217
mDHFR,E142Y,4.342804
mDHFR,F143A,6.8332825
mDHFR,F143C,8.556305
mDHFR,F143D,9.496185
mDHFR,F143E,8.162079
mDHFR,F143G,8.824188
mDHFR,F143H,7.8482666
mDHFR,F143I,6.2272034
mDHFR,F143K,7.6852417
mDHFR,F143L,6.2318115
mDHFR,F143M,8.254822
mDHFR,F143N,8.859039
mDHFR,F143P,8.122223
mDHFR,F143Q,9.118378
mDHFR,F143R,8.655853
mDHFR,F143S,8.27359
mDHFR,F143T,7.2252197
mDHFR,F143V,5.3504333
mDHFR,F143W,8.9696045
mDHFR,F143Y,4.067047
mDHFR,E144A,5.2317505
mDHFR,E144C,8.500183
mDHFR,E144D,2.3697205
mDHFR,E144F,8.86911
mDHFR,E144G,6.2032166
mDHFR,E144H,6.160919
mDHFR,E144I,7.28421
mDHFR,E144K,5.2418213
mDHFR,E144L,6.692047
mDHFR,E144M,8.595215
mDHFR,E144N,5.6263123
mDHFR,E144P,4.642212
mDHFR,E144Q,4.947113
mDHFR,E144R,7.656128
mDHFR,E144S,4.8391724
mDHFR,E144T,5.6705933
mDHFR,E144V,6.713501
mDHFR,E144W,10.134979
mDHFR,E144Y,8.264679
mDHFR,S145A,4.3668213
mDHFR,S145C,-0.4706421
mDHFR,S145D,6.7062683
mDHFR,S145E,6.607422
mDHFR,S145F,5.4782715
mDHFR,S145G,3.1568909
mDHFR,S145H,6.9238586
mDHFR,S145I,6.1724854
mDHFR,S145K,6.0493164
mDHFR,S145L,6.2610474
mDHFR,S145M,5.418274
mDHFR,S145N,6.8569336
mDHFR,S145P,6.9742737
mDHFR,S145Q,6.792511
mDHFR,S145R,6.366852
mDHFR,S145T,5.0257263
mDHFR,S145V,4.5267334
mDHFR,S145W,8.457306
mDHFR,S145Y,7.224365
mDHFR,D146A,8.868927
mDHFR,D146C,11.092255
mDHFR,D146E,8.052795
mDHFR,D146F,11.750977
mDHFR,D146G,9.827759
mDHFR,D146H,9.463959
mDHFR,D146I,8.71933
mDHFR,D146K,9.12915
mDHFR,D146L,8.18573
mDHFR,D146M,9.560638
mDHFR,D146N,7.062958
mDHFR,D146P,10.022278
mDHFR,D146Q,9.684357
mDHFR,D146R,8.597595
mDHFR,D146S,9.119537
mDHFR,D146T,7.6498413
mDHFR,D146V,9.544647
mDHFR,D146W,11.651703
mDHFR,D146Y,10.792358
mDHFR,T147A,4.6184387
mDHFR,T147C,8.068573
mDHFR,T147D,8.450439
mDHFR,T147E,8.491058
mDHFR,T147F,10.347137
mDHFR,T147G,9.270477
mDHFR,T147H,9.499054
mDHFR,T147I,5.3441772
mDHFR,T147K,6.638214
mDHFR,T147L,7.3374634
mDHFR,T147M,9.564026
mDHFR,T147N,8.752197
mDHFR,T147P,8.573212
mDHFR,T147Q,7.701996
mDHFR,T147R,5.87796
mDHFR,T147S,6.3433533
mDHFR,T147V,2.5419312
mDHFR,T147W,10.48584
mDHFR,T147Y,9.749084
mDHFR,F148A,7.7998047
mDHFR,F148C,7.8543396
mDHFR,F148D,8.971954
mDHFR,F148E,9.241638
mDHFR,F148G,8.827515
mDHFR,F148H,5.220459
mDHFR,F148I,6.8476257
mDHFR,F148K,6.4759216
mDHFR,F148L,5.949402
mDHFR,F148M,7.8292847
mDHFR,F148N,9.022797
mDHFR,F148P,8.38385
mDHFR,F148Q,7.088196
mDHFR,F148R,6.3845215
mDHFR,F148S,6.618164
mDHFR,F148T,6.5788574
mDHFR,F148V,5.5457764
mDHFR,F148W,7.002777
mDHFR,F148Y,3.5867004
mDHFR,F149A,5.6722717
mDHFR,F149C,8.665192
mDHFR,F149D,9.952332
mDHFR,F149E,9.769012
mDHFR,F149G,8.544647
mDHFR,F149H,9.594788
mDHFR,F149I,4.7443237
mDHFR,F149K,9.300079
mDHFR,F149L,1.3760071
mDHFR,F149M,5.34494
mDHFR,F149N,10.265747
mDHFR,F149P,8.872589
mDHFR,F149Q,9.718872
mDHFR,F149R,8.626678
mDHFR,F149S,7.8435364
mDHFR,F149T,8.343475
mDHFR,F149V,6.100067
mDHFR,F149W,7.847534
mDHFR,F149Y,6.399048
mDHFR,P150A,8.289734
mDHFR,P150C,9.575867
mDHFR,P150D,6.65744
mDHFR,P150E,6.7015686
mDHFR,P150F,10.322449
mDHFR,P150G,7.4874573
mDHFR,P150H,7.934845
mDHFR,P150I,8.120453
mDHFR,P150K,6.7430725
mDHFR,P150L,7.499176
mDHFR,P150M,9.75061
mDHFR,P150N,6.8090515
mDHFR,P150Q,7.151764
mDHFR,P150R,7.4720764
mDHFR,P150S,6.1973267
mDHFR,P150T,7.551697
mDHFR,P150V,8.391266
mDHFR,P150W,13.262878
mDHFR,P150Y,10.125183
mDHFR,E151A,4.5911865
mDHFR,E151C,8.0859375
mDHFR,E151D,2.8639526
mDHFR,E151F,6.6774597
mDHFR,E151G,4.646057
mDHFR,E151H,4.930847
mDHFR,E151I,6.3622437
mDHFR,E151K,3.8424377
mDHFR,E151L,5.8651733
mDHFR,E151M,6.8453064
mDHFR,E151N,3.8616028
mDHFR,E151P,4.357727
mDHFR,E151Q,4.3684998
mDHFR,E151R,5.718445
mDHFR,E151S,3.8424683
mDHFR,E151T,4.9772644
mDHFR,E151V,5.475128
mDHFR,E151W,8.813599
mDHFR,E151Y,6.6753845
mDHFR,I152A,7.74646
mDHFR,I152C,9.195892
mDHFR,I152D,7.5301514
mDHFR,I152E,7.4808655
mDHFR,I152F,3.8226013
mDHFR,I152G,6.897949
mDHFR,I152H,8.818665
mDHFR,I152K,7.635254
mDHFR,I152L,3.885559
mDHFR,I152M,5.7733765
mDHFR,I152N,7.336853
mDHFR,I152P,7.3891296
mDHFR,I152Q,8.4166565
mDHFR,I152R,7.6662292
mDHFR,I152S,7.5309753
mDHFR,I152T,7.3606567
mDHFR,I152V,5.2344055
mDHFR,I152W,5.7843323
mDHFR,I152Y,6.5333557
mDHFR,D153A,5.422058
mDHFR,D153C,8.855408
mDHFR,D153E,4.424408
mDHFR,D153F,6.771515
mDHFR,D153G,4.671356
mDHFR,D153H,6.602356
mDHFR,D153I,7.1247864
mDHFR,D153K,4.8658752
mDHFR,D153L,6.4393005
mDHFR,D153M,7.8747253
mDHFR,D153N,1.2182617
mDHFR,D153P,4.4241333
mDHFR,D153Q,6.0627136
mDHFR,D153R,4.186981
mDHFR,D153S,3.2902527
mDHFR,D153T,4.960449
mDHFR,D153V,6.06723
mDHFR,D153W,7.8287964
mDHFR,D153Y,7.314453
mDHFR,L154A,4.166504
mDHFR,L154C,6.4451294
mDHFR,L154D,2.846527
mDHFR,L154E,3.9408264
mDHFR,L154F,2.566742
mDHFR,L154G,5.303833
mDHFR,L154H,5.027771
mDHFR,L154I,5.596283
mDHFR,L154K,3.0519104
mDHFR,L154M,2.9884033
mDHFR,L154N,4.206085
mDHFR,L154P,2.3404846
mDHFR,L154Q,4.3916016
mDHFR,L154R,3.161377
mDHFR,L154S,4.1322327
mDHFR,L154T,3.5654602
mDHFR,L154V,4.6984253
mDHFR,L154W,4.920227
mDHFR,L154Y,4.46875
mDHFR,G155A,-0.1906128
mDHFR,G155C,3.0462036
mDHFR,G155D,-1.9715271
mDHFR,G155E,-2.155548
mDHFR,G155F,2.1695557
mDHFR,G155H,1.857727
mDHFR,G155I,2.0410767
mDHFR,G155K,-2.0968628
mDHFR,G155L,1.6849976
mDHFR,G155M,2.5273132
mDHFR,G155N,-2.3959656
mDHFR,G155P,2.1808167
mDHFR,G155Q,0.22244263
mDHFR,G155R,0.21072388
mDHFR,G155S,-0.020233154
mDHFR,G155T,-0.18084717
mDHFR,G155V,2.0329895
mDHFR,G155W,4.359955
mDHFR,G155Y,2.4187012
mDHFR,K156A,4.912903
mDHFR,K156C,5.778351
mDHFR,K156D,3.4967957
mDHFR,K156E,3.9527283
mDHFR,K156F,4.1891174
mDHFR,K156G,4.3979187
mDHFR,K156H,5.2113647
mDHFR,K156I,4.2392273
mDHFR,K156L,3.6881104
mDHFR,K156M,6.070343
mDHFR,K156N,3.8821716
mDHFR,K156P,6.3815002
mDHFR,K156Q,2.0254822
mDHFR,K156R,4.020355
mDHFR,K156S,2.9293518
mDHFR,K156T,3.4274902
mDHFR,K156V,2.9331665
mDHFR,K156W,6.3665466
mDHFR,K156Y,6.108124
mDHFR,Y157A,7.0397034
mDHFR,Y157C,8.5896
mDHFR,Y157D,7.34198
mDHFR,Y157E,8.452881
mDHFR,Y157F,1.473175
mDHFR,Y157G,7.516571
mDHFR,Y157H,6.6114197
mDHFR,Y157I,6.478241
mDHFR,Y157K,6.432556
mDHFR,Y157L,4.382538
mDHFR,Y157M,7.117401
mDHFR,Y157N,6.941986
mDHFR,Y157P,7.3559265
mDHFR,Y157Q,6.8243103
mDHFR,Y157R,7.2199707
mDHFR,Y157S,7.192047
mDHFR,Y157T,7.145935
mDHFR,Y157V,6.0162964
mDHFR,Y157W,5.53125
mDHFR,K158A,4.138855
mDHFR,K158C,6.9480286
mDHFR,K158D,5.3395996
mDHFR,K158E,3.1608276
mDHFR,K158F,6.2186584
mDHFR,K158G,5.7719727
mDHFR,K158H,4.1711426
mDHFR,K158I,5.687744
mDHFR,K158L,4.938202
mDHFR,K158M,5.4315186
mDHFR,K158N,4.839203
mDHFR,K158P,7.311737
mDHFR,K158Q,3.0792542
mDHFR,K158R,1.64328
mDHFR,K158S,3.7478638
mDHFR,K158T,3.0310364
mDHFR,K158V,4.9667053
mDHFR,K158W,6.8876038
mDHFR,K158Y,6.4599
mDHFR,L159A,6.419098
mDHFR,L159C,7.1317444
mDHFR,L159D,5.953003
mDHFR,L159E,3.9702148
mDHFR,L159F,7.3418274
mDHFR,L159G,7.19928
mDHFR,L159H,5.277527
mDHFR,L159I,5.8881226
mDHFR,L159K,4.319641
mDHFR,L159M,6.1280518
mDHFR,L159N,7.2886047
mDHFR,L159P,6.673462
mDHFR,L159Q,4.601654
mDHFR,L159R,5.129303
mDHFR,L159S,6.935028
mDHFR,L159T,6.370514
mDHFR,L159V,5.7746277
mDHFR,L159W,9.106201
mDHFR,L159Y,7.9935303
mDHFR,L160A,6.6214294
mDHFR,L160C,7.766083
mDHFR,L160D,7.578125
mDHFR,L160E,7.3103027
mDHFR,L160F,7.1112976
mDHFR,L160G,8.24588
mDHFR,L160H,7.424103
mDHFR,L160I,4.403839
mDHFR,L160K,7.1293945
mDHFR,L160M,7.3323975
mDHFR,L160N,7.8649597
mDHFR,L160P,9.647675
mDHFR,L160Q,6.9501343
mDHFR,L160R,6.4558716
mDHFR,L160S,6.47464
mDHFR,L160T,4.9874268
mDHFR,L160V,3.8901367
mDHFR,L160W,7.3017273
mDHFR,L160Y,8.137726
mDHFR,P161A,4.71933
mDHFR,P161C,6.461792
mDHFR,P161D,3.4709778
mDHFR,P161E,3.487976
mDHFR,P161F,5.8206177
mDHFR,P161G,4.7513733
mDHFR,P161H,5.4263
mDHFR,P161I,5.2745667
mDHFR,P161K,4.7242126
mDHFR,P161L,5.813629
mDHFR,P161M,7.087555
mDHFR,P161N,4.250763
mDHFR,P161Q,3.4272766
mDHFR,P161R,5.0257263
mDHFR,P161S,3.0085144
mDHFR,P161T,3.046051
mDHFR,P161V,6.04303
mDHFR,P161W,6.5582275
mDHFR,P161Y,6.115448
mDHFR,E162A,4.9980774
mDHFR,E162C,6.366913
mDHFR,E162D,2.709137
mDHFR,E162F,7.500366
mDHFR,E162G,4.129303
mDHFR,E162H,5.625763
mDHFR,E162I,5.4152527
mDHFR,E162K,3.2819824
mDHFR,E162L,4.7571106
mDHFR,E162M,6.8840637
mDHFR,E162N,3.4472961
mDHFR,E162P,4.8833923
mDHFR,E162Q,3.4776306
mDHFR,E162R,4.5181885
mDHFR,E162S,2.9720154
mDHFR,E162T,4.54422
mDHFR,E162V,4.6614685
mDHFR,E162W,8.554291
mDHFR,E162Y,6.495941
mDHFR,Y163A,4.988434
mDHFR,Y163C,5.5117188
mDHFR,Y163D,3.2149048
mDHFR,Y163E,3.9120178
mDHFR,Y163F,0.7388611
mDHFR,Y163G,5.2613525
mDHFR,Y163H,5.6243286
mDHFR,Y163I,5.541504
mDHFR,Y163K,4.275299
mDHFR,Y163L,3.9907532
mDHFR,Y163M,6.8796997
mDHFR,Y163N,6.004944
mDHFR,Y163P,4.6492004
mDHFR,Y163Q,5.8779297
mDHFR,Y163R,5.207855
mDHFR,Y163S,4.6025085
mDHFR,Y163T,4.0508423
mDHFR,Y163V,5.6380005
mDHFR,Y163W,4.326416
mDHFR,P164A,6.1312866
mDHFR,P164C,8.96521
mDHFR,P164D,5.3084717
mDHFR,P164E,5.245758
mDHFR,P164F,8.918304
mDHFR,P164G,8.053101
mDHFR,P164H,8.490753
mDHFR,P164I,7.7388916
mDHFR,P164K,6.3382874
mDHFR,P164L,7.2039795
mDHFR,P164M,9.598022
mDHFR,P164N,7.040802
mDHFR,P164Q,7.3248596
mDHFR,P164R,7.1498413
mDHFR,P164S,5.782013
mDHFR,P164T,5.4087524
mDHFR,P164V,6.4408875
mDHFR,P164W,9.787994
mDHFR,P164Y,8.213379
mDHFR,G165A,4.5647583
mDHFR,G165C,7.8697815
mDHFR,G165D,3.2901
mDHFR,G165E,4.1295166
mDHFR,G165F,6.270935
mDHFR,G165H,6.093292
mDHFR,G165I,6.305359
mDHFR,G165K,6.6957703
mDHFR,G165L,6.044037
mDHFR,G165M,7.318756
mDHFR,G165N,5.254486
mDHFR,G165P,5.6256104
mDHFR,G165Q,6.4598694
mDHFR,G165R,6.346466
mDHFR,G165S,5.53656
mDHFR,G165T,6.266968
mDHFR,G165V,6.976959
mDHFR,G165W,7.26355
mDHFR,G165Y,6.7368164
mDHFR,V166A,6.0154114
mDHFR,V166C,7.5877075
mDHFR,V166D,6.6138
mDHFR,V166E,5.0747986
mDHFR,V166F,6.953949
mDHFR,V166G,5.9387817
mDHFR,V166H,7.4451294
mDHFR,V166I,1.576477
mDHFR,V166K,6.432129
mDHFR,V166L,5.684601
mDHFR,V166M,7.6499634
mDHFR,V166N,7.125305
mDHFR,V166P,6.852112
mDHFR,V166Q,6.218933
mDHFR,V166R,7.2882385
mDHFR,V166S,6.3949585
mDHFR,V166T,5.730774
mDHFR,V166W,7.8920593
mDHFR,V166Y,7.109558
mDHFR,L167A,1.3027039
mDHFR,L167C,3.1859436
mDHFR,L167D,0.04626465
mDHFR,L167E,1.1172485
mDHFR,L167F,2.2841797
mDHFR,L167G,2.112793
mDHFR,L167H,2.5957947
mDHFR,L167I,2.0222168
mDHFR,L167K,1.2477722
mDHFR,L167M,3.0798035
mDHFR,L167N,1.5281677
mDHFR,L167P,-3.4153442
mDHFR,L167Q,1.3717041
mDHFR,L167R,2.0228271
mDHFR,L167S,-1.6777344
mDHFR,L167T,2.0231018
mDHFR,L167V,1.480133
mDHFR,L167W,4.2745667
mDHFR,L167Y,2.455902
mDHFR,S168A,1.0981445
mDHFR,S168C,5.1310425
mDHFR,S168D,1.7583923
mDHFR,S168E,2.4341125
mDHFR,S168F,5.46994
mDHFR,S168G,3.0055542
mDHFR,S168H,3.844574
mDHFR,S168I,4.033783
mDHFR,S168K,2.2938538
mDHFR,S168L,3.5059204
mDHFR,S168M,4.8942566
mDHFR,S168N,3.5544128
mDHFR,S168P,3.1730652
mDHFR,S168Q,2.3636475
mDHFR,S168R,3.63385
mDHFR,S168T,2.2354736
mDHFR,S168V,2.7241821
mDHFR,S168W,4.983795
mDHFR,S168Y,4.3360596
mDHFR,E169A,3.4617615
mDHFR,E169C,6.6667786
mDHFR,E169D,0.5029297
mDHFR,E169F,5.2773743
mDHFR,E169G,0.8953247
mDHFR,E169H,5.6391296
mDHFR,E169I,5.7283325
mDHFR,E169K,4.3527527
mDHFR,E169L,4.9430237
mDHFR,E169M,5.997864
mDHFR,E169N,3.5135498
mDHFR,E169P,5.0579834
mDHFR,E169Q,5.1075745
mDHFR,E169R,4.8081055
mDHFR,E169S,4.6200256
mDHFR,E169T,3.4065552
mDHFR,E169V,5.440674
mDHFR,E169W,5.183441
mDHFR,E169Y,5.7296143
mDHFR,V170A,4.6057434
mDHFR,V170C,6.0901184
mDHFR,V170D,4.351166
mDHFR,V170E,2.8223267
mDHFR,V170F,5.2924194
mDHFR,V170G,5.918152
mDHFR,V170H,4.872986
mDHFR,V170I,0.23602295
mDHFR,V170K,3.847412
mDHFR,V170L,0.63046265
mDHFR,V170M,3.09964
mDHFR,V170N,4.5190125
mDHFR,V170P,4.4757996
mDHFR,V170Q,4.9169006
mDHFR,V170R,4.5834656
mDHFR,V170S,4.527252
mDHFR,V170T,2.1895447
mDHFR,V170W,5.3045044
mDHFR,V170Y,4.576538
mDHFR,Q171A,8.022766
mDHFR,Q171C,9.282776
mDHFR,Q171D,5.9250183
mDHFR,Q171E,6.936737
mDHFR,Q171F,5.333954
mDHFR,Q171G,7.58786
mDHFR,Q171H,5.3589783
mDHFR,Q171I,6.639862
mDHFR,Q171K,6.9093323
mDHFR,Q171L,7.286377
mDHFR,Q171M,7.0091553
mDHFR,Q171N,7.148926
mDHFR,Q171P,8.495575
mDHFR,Q171R,6.181946
mDHFR,Q171S,7.3116455
mDHFR,Q171T,7.0832825
mDHFR,Q171V,6.6296997
mDHFR,Q171W,9.633484
mDHFR,Q171Y,6.368927
mDHFR,E172A,7.213867
mDHFR,E172C,9.161987
mDHFR,E172D,7.298279
mDHFR,E172F,9.080811
mDHFR,E172G,8.236725
mDHFR,E172H,7.9047546
mDHFR,E172I,7.8496704
mDHFR,E172K,6.7262573
mDHFR,E172L,7.9032288
mDHFR,E172M,8.86615
mDHFR,E172N,7.0703125
mDHFR,E172P,8.066376
mDHFR,E172Q,5.962097
mDHFR,E172R,6.8640747
mDHFR,E172S,6.369507
mDHFR,E172T,5.821228
mDHFR,E172V,6.4344788
mDHFR,E172W,9.699402
mDHFR,E172Y,8.523712
mDHFR,E173A,7.5583496
mDHFR,E173C,8.269714
mDHFR,E173D,4.466522
mDHFR,E173F,10.020813
mDHFR,E173G,7.105194
mDHFR,E173H,7.713379
mDHFR,E173I,9.595734
mDHFR,E173K,6.810028
mDHFR,E173L,9.223175
mDHFR,E173M,10.239197
mDHFR,E173N,7.608032
mDHFR,E173P,8.053101
mDHFR,E173Q,7.45047
mDHFR,E173R,7.799713
mDHFR,E173S,7.0346985
mDHFR,E173T,7.373657
mDHFR,E173V,8.5961
mDHFR,E173W,10.379791
mDHFR,E173Y,7.618805
mDHFR,K174A,3.374176
mDHFR,K174C,4.962158
mDHFR,K174D,2.2324219
mDHFR,K174E,3.0380554
mDHFR,K174F,5.0641785
mDHFR,K174G,2.2471008
mDHFR,K174H,2.1397095
mDHFR,K174I,6.0940857
mDHFR,K174L,5.0033264
mDHFR,K174M,5.92865
mDHFR,K174N,-2.2704468
mDHFR,K174P,4.0561523
mDHFR,K174Q,3.082306
mDHFR,K174R,3.0746765
mDHFR,K174S,2.072235
mDHFR,K174T,4.303253
mDHFR,K174V,4.8973694
mDHFR,K174W,7.0966187
mDHFR,K174Y,5.718933
mDHFR,G175A,7.3996887
mDHFR,G175C,9.444977
mDHFR,G175D,5.4813843
mDHFR,G175E,7.398163
mDHFR,G175F,9.061218
mDHFR,G175H,8.067627
mDHFR,G175I,9.1649475
mDHFR,G175K,7.499054
mDHFR,G175L,8.7630005
mDHFR,G175M,9.634369
mDHFR,G175N,6.0552673
mDHFR,G175P,7.436676
mDHFR,G175Q,7.2710876
mDHFR,G175R,7.7081604
mDHFR,G175S,7.4334106
mDHFR,G175T,8.487854
mDHFR,G175V,8.185486
mDHFR,G175W,11.676483
mDHFR,G175Y,8.827545
mDHFR,I176A,7.214142
mDHFR,I176C,7.3807983
mDHFR,I176D,7.3339233
mDHFR,I176E,7.3794556
mDHFR,I176F,7.074066
mDHFR,I176G,8.346313
mDHFR,I176H,7.8122864
mDHFR,I176K,8.751831
mDHFR,I176L,5.0898743
mDHFR,I176M,7.568054
mDHFR,I176N,8.654755
mDHFR,I176P,7.2391663
mDHFR,I176Q,8.375519
mDHFR,I176R,8.718903
mDHFR,I176S,7.8171387
mDHFR,I176T,4.519226
mDHFR,I176V,2.8413086
mDHFR,I176W,8.62207
mDHFR,I176Y,6.0815735
mDHFR,K177A,4.7602234
mDHFR,K177C,6.7576294
mDHFR,K177D,4.6894836
mDHFR,K177E,3.3454285
mDHFR,K177F,6.4498596
mDHFR,K177G,5.142517
mDHFR,K177H,5.064148
mDHFR,K177I,6.1926575
mDHFR,K177L,6.0021973
mDHFR,K177M,7.073303
mDHFR,K177N,4.6460266
mDHFR,K177P,4.631012
mDHFR,K177Q,-0.30374146
mDHFR,K177R,2.3781738
mDHFR,K177S,3.2068787
mDHFR,K177T,3.0735168
mDHFR,K177V,5.876343
mDHFR,K177W,6.5480957
mDHFR,K177Y,6.227478
mDHFR,Y178A,9.6716
mDHFR,Y178C,8.689148
mDHFR,Y178D,11.875153
mDHFR,Y178E,12.209351
mDHFR,Y178F,5.139801
mDHFR,Y178G,11.186768
mDHFR,Y178H,9.195526
mDHFR,Y178I,7.991211
mDHFR,Y178K,12.276062
mDHFR,Y178L,7.6779785
mDHFR,Y178M,8.509277
mDHFR,Y178N,13.5
mDHFR,Y178P,12.857056
mDHFR,Y178Q,12.672424
mDHFR,Y178R,12.58905
mDHFR,Y178S,10.007751
mDHFR,Y178T,9.304565
mDHFR,Y178V,8.41745
mDHFR,Y178W,8.072754
mDHFR,K179A,6.339386
mDHFR,K179C,6.383301
mDHFR,K179D,5.09317
mDHFR,K179E,3.922821
mDHFR,K179F,7.4323425
mDHFR,K179G,7.1989136
mDHFR,K179H,4.618866
mDHFR,K179I,5.385254
mDHFR,K179L,7.0635376
mDHFR,K179M,6.5161743
mDHFR,K179N,5.6832275
mDHFR,K179P,9.310791
mDHFR,K179Q,4.388672
mDHFR,K179R,2.7408752
mDHFR,K179S,5.005554
mDHFR,K179T,5.0802
mDHFR,K179V,4.14093
mDHFR,K179W,8.081604
mDHFR,K179Y,6.969513
mDHFR,F180A,9.309082
mDHFR,F180C,8.637878
mDHFR,F180D,10.92514
mDHFR,F180E,10.076782
mDHFR,F180G,10.6492
mDHFR,F180H,7.066925
mDHFR,F180I,6.789154
mDHFR,F180K,12.029358
mDHFR,F180L,7.7686157
mDHFR,F180M,7.912628
mDHFR,F180N,11.419952
mDHFR,F180P,11.273224
mDHFR,F180Q,10.042114
mDHFR,F180R,9.094177
mDHFR,F180S,9.302307
mDHFR,F180T,8.693726
mDHFR,F180V,7.1853027
mDHFR,F180W,8.375732
mDHFR,F180Y,4.4175415
mDHFR,E181A,7.411377
mDHFR,E181C,7.262909
mDHFR,E181D,7.887512
mDHFR,E181F,7.163025
mDHFR,E181G,9.662994
mDHFR,E181H,6.667694
mDHFR,E181I,6.3098145
mDHFR,E181K,5.400879
mDHFR,E181L,6.284973
mDHFR,E181M,8.039276
mDHFR,E181N,7.8153076
mDHFR,E181P,11.39859
mDHFR,E181Q,4.5160217
mDHFR,E181R,7.771759
mDHFR,E181S,7.499115
mDHFR,E181T,7.142273
mDHFR,E181V,5.8062744
mDHFR,E181W,9.628571
mDHFR,E181Y,7.6676025
mDHFR,V182A,8.887726
mDHFR,V182C,8.768188
mDHFR,V182D,8.39209
mDHFR,V182E,6.564026
mDHFR,V182F,8.472076
mDHFR,V182G,7.7664185
mDHFR,V182H,8.718475
mDHFR,V182I,4.3604736
mDHFR,V182K,6.999878
mDHFR,V182L,6.265991
mDHFR,V182M,6.324951
mDHFR,V182N,8.671326
mDHFR,V182P,11.315308
mDHFR,V182Q,7.3046875
mDHFR,V182R,7.28598
mDHFR,V182S,7.5377502
mDHFR,V182T,5.498749
mDHFR,V182W,9.442474
mDHFR,V182Y,7.880615
mDHFR,Y183A,9.599548
mDHFR,Y183C,8.775635
mDHFR,Y183D,10.536102
mDHFR,Y183E,9.888275
mDHFR,Y183F,3.5689087
mDHFR,Y183G,10.601044
mDHFR,Y183H,7.6266785
mDHFR,Y183I,9.035553
mDHFR,Y183K,10.1692505
mDHFR,Y183L,4.862274
mDHFR,Y183M,8.279053
mDHFR,Y183N,9.987457
mDHFR,Y183P,9.88501
mDHFR,Y183Q,9.935303
mDHFR,Y183R,8.803528
mDHFR,Y183S,9.373627
mDHFR,Y183T,10.012604
mDHFR,Y183V,8.440552
mDHFR,Y183W,5.0754395
mDHFR,E184A,7.380951
mDHFR,E184C,9.252472
mDHFR,E184D,5.65036
mDHFR,E184F,10.135651
mDHFR,E184G,8.389404
mDHFR,E184H,8.077484
mDHFR,E184I,6.820801
mDHFR,E184K,4.6372986
mDHFR,E184L,7.3933105
mDHFR,E184M,7.9963074
mDHFR,E184N,7.427124
mDHFR,E184P,11.215118
mDHFR,E184Q,4.07428
mDHFR,E184R,5.863739
mDHFR,E184S,7.05896
mDHFR,E184T,6.1558228
mDHFR,E184V,5.9901733
mDHFR,E184W,10.743774
mDHFR,E184Y,9.0581665
mDHFR,K185A,9.698517
mDHFR,K185C,10.209839
mDHFR,K185D,9.966278
mDHFR,K185E,10.252014
mDHFR,K185F,10.074554
mDHFR,K185G,9.990448
mDHFR,K185H,8.876709
mDHFR,K185I,9.81778
mDHFR,K185L,10.423706
mDHFR,K185M,10.525299
mDHFR,K185N,9.81781
mDHFR,K185P,10.177887
mDHFR,K185Q,7.2476807
mDHFR,K185R,2.5838013
mDHFR,K185S,10.13678
mDHFR,K185T,10.121002
mDHFR,K185V,9.923767
mDHFR,K185W,9.869843
mDHFR,K185Y,10.313141
mDHFR,K186A,0.078430176
mDHFR,K186C,-11.606506
mDHFR,K186D,-0.2234497
mDHFR,K186E,0.75
mDHFR,K186F,-0.18701172
mDHFR,K186G,0.22994995
mDHFR,K186H,0.012634277
mDHFR,K186I,0.44726562
mDHFR,K186L,-0.07748413
mDHFR,K186M,0.2784729
mDHFR,K186N,0.5895691
mDHFR,K186P,0.05532837
mDHFR,K186Q,0.4230957
mDHFR,K186R,0.11947632
mDHFR,K186S,0.18188477
mDHFR,K186T,0.038360596
mDHFR,K186V,0.16320801
mDHFR,K186W,0.19076538
mDHFR,K186Y,-0.1666565
mDHFR,D187A,0.56985474
mDHFR,D187C,0.38909912
mDHFR,D187E,0.1328125
mDHFR,D187F,-0.13388062
mDHFR,D187G,0.6802368
mDHFR,D187H,0.22290039
mDHFR,D187I,0.10726929
mDHFR,D187K,-11.6050415
mDHFR,D187L,-0.13653564
mDHFR,D187M,0.20056152
mDHFR,D187N,0.3409729
mDHFR,D187P,0.36914062
mDHFR,D187Q,0.614624
mDHFR,D187R,0.48135376
mDHFR,D187S,-0.18612671
mDHFR,D187T,0.060821533
mDHFR,D187V,0.019500732
mDHFR,D187W,-0.101135254
mDHFR,D187Y,0.03955078
